carrera_comuna_sede,carrera_nomb_carrera
ANTOFAGASTA,ADMINISTRACION DE EMPRESAS
ANTOFAGASTA,ADMINISTRACION DE EMPRESAS MENCION FINANZAS
ANTOFAGASTA,ADMINISTRACION DE EMPRESAS MENCION GESTION DE PERSONAS
ANTOFAGASTA,ADMINISTRACION DE EMPRESAS MENCION PERSONAL
ANTOFAGASTA,ADMINISTRACION GASTRONOMICA INTERNACIONAL
ANTOFAGASTA,ADMINISTRACIONDEEMPRESASMENCIONGESTIONDEPERSONAS
ANTOFAGASTA,ANALISTA PROGRAMADOR
ANTOFAGASTA,AUTOMATIZACION Y CONTROL INDUSTRIAL
ANTOFAGASTA,GASTRONOMIA INTERNACIONAL
ANTOFAGASTA,INGENIERIA CIVIL EN ELECTRICIDAD MENCION SISTEMAS ELECTRONICOS
ANTOFAGASTA,INGENIERIA CIVIL INFORMATICA
ANTOFAGASTA,INGENIERIA COMERCIAL
ANTOFAGASTA,INGENIERIA EN ADMINISTRACION DE EMPRESAS MENCION FINANZAS
ANTOFAGASTA,INGENIERIA EN ADMINISTRACION DE EMPRESAS MENCION GESTION DE PERSONAS
ANTOFAGASTA,INGENIERIA EN ADMINISTRACION DE EMPRESAS MENCION PERSONAL
ANTOFAGASTA,INGENIERIA EN AUTOMATIZACION Y CONTROL INDUSTRIAL
ANTOFAGASTA,INGENIERIA EN INFORMATICA
ANTOFAGASTA,INGENIERIA EN MAQUINARIA PESADA Y VEHICULOS AUTOMOTRICES
ANTOFAGASTA,INGENIERIA EN MAQUINARIA Y VEHICULOS AUTOMOTRICES
ANTOFAGASTA,"INGENIERIA EN MAQUINARIA, VEHICULOS AUTOMOTRICES Y SISTEMAS ELECTRONICOS"
ANTOFAGASTA,INGENIERIA EN MINAS
ANTOFAGASTA,INGENIERIA EN PREVENCION DE RIESGOS
ANTOFAGASTA,"INGENIERIA EN PREVENCION DE RIESGOS, CALIDAD Y AMBIENTE"
ANTOFAGASTA,"INGENIERIA EN TELECOMUNICACIONES, CONECTIVIDAD Y REDES"
ANTOFAGASTA,INGENIERIA MECANICA EN MANTENIMIENTO INDUSTRIAL
ANTOFAGASTA,LOGISTICA Y OPERACIONES INDUSTRIALES
ANTOFAGASTA,MANTENIMIENTO INDUSTRIAL
ANTOFAGASTA,MECANICA AUTOMOTRIZ EN MAQUINARIA PESADA
ANTOFAGASTA,MECANICA AUTOMOTRIZ EN SISTEMAS ELECTRONICOS
ANTOFAGASTA,PREVENCION DE RIESGOS
ANTOFAGASTA,PROGRAMADOR DE APLICACIONES COMPUTACIONALES
ANTOFAGASTA,PSICOPEDAGOGIA
ANTOFAGASTA,SERVICIO SOCIAL
ANTOFAGASTA,SOPORTE COMPUTACIONAL
ANTOFAGASTA,TECNICO EN ENFERMERIA
ANTOFAGASTA,TECNICO EN ENFERMERIA MENCION INSTRUMENTISTA QUIRURGICO
ANTOFAGASTA,TECNICO EN MINERIA
ANTOFAGASTA,TECNOLOGIA EN MINERIA
ANTOFAGASTA,"TELECOMUNICACIONES, CONECTIVIDAD Y REDES"
ANTOFAGASTA,TRABAJO SOCIAL
ANTOFAGASTA,TRADUCCION INGLES-ESPAÑOL MENCION NEGOCIOS INTERNACIONALES
ARICA,ADMINISTRACION DE EMPRESAS
ARICA,ADMINISTRACION DE EMPRESAS MENCION FINANZAS
ARICA,ANALISTA PROGRAMADOR
ARICA,AUTOMATIZACION Y CONTROL INDUSTRIAL
ARICA,COMERCIO EXTERIOR
ARICA,CONSTRUCCION CIVIL
ARICA,DIBUJO DE PROYECTOS DE ARQUITECTURA E INGENIERIA
ARICA,DISEÑO EDITORIAL
ARICA,DISEÑO GRAFICO PROFESIONAL
ARICA,DISEÑO Y PRODUCCION GRAFICA
ARICA,DISEÑO Y PROGRAMACION MULTIMEDIA
ARICA,EDIFICACION
ARICA,ELECTRONICA INDUSTRIAL
ARICA,GASTRONOMIA INTERNACIONAL
ARICA,INGENIERIA ELECTRONICA
ARICA,INGENIERIA EN ADMINISTRACION DE EMPRESAS MENCION FINANZAS
ARICA,INGENIERIA EN AUTOMATIZACION Y CONTROL INDUSTRIAL
ARICA,INGENIERIA EN CONECTIVIDAD Y REDES
ARICA,INGENIERIA EN ELECTRONICA
ARICA,INGENIERIA EN INFORMATICA
ARICA,INGENIERIA EN MAQUINARIA Y VEHICULOS AUTOMOTRICES
ARICA,"INGENIERIA EN MAQUINARIA, VEHICULOS AUTOMOTRICES Y SISTEMAS ELECTRONICOS"
ARICA,"INGENIERIA EN PREVENCION DE RIESGOS, CALIDAD Y AMBIENTE"
ARICA,"INGENIERIA EN TELECOMUNICACIONES, CONECTIVIDAD Y REDES"
ARICA,"LABORATORISTA CLINICO, BANCO DE SANGRE E IMAGENOLOGIA"
ARICA,"LABORATORISTACLINICO,BANCODESANGREEIMAGENOLOGIA"
ARICA,MECANICA AUTOMOTRIZ
ARICA,MECANICA AUTOMOTRIZ EN SISTEMAS ELECTRONICOS
ARICA,PREVENCION DE RIESGOS
ARICA,PROGRAMADOR DE APLICACIONES COMPUTACIONALES
ARICA,PSICOPEDAGOGIA
ARICA,SERVICIO SOCIAL
ARICA,SERVICIOS TURISTICOS MENCION VIAJES Y TURISMO
ARICA,TECNICO EN ENFERMERIA
ARICA,TECNOLOGIA EN SONIDO
ARICA,"TELECOMUNICACIONES, CONECTIVIDAD Y REDES"
ARICA,TOPOGRAFIA
ARICA,TRABAJO SOCIAL
ARICA,TURISMO
ARICA,TURISMO MENCION VIAJES Y TURISMO
CALAMA,ADMINISTRACION DE EMPRESAS
CALAMA,ADMINISTRACION DE EMPRESAS MENCION FINANZAS
CALAMA,ADMINISTRACION DE EMPRESAS TURISTICAS
CALAMA,ANALISTA PROGRAMADOR
CALAMA,ASISTENTE EJECUTIVO
CALAMA,ASISTENTE JURIDICO
CALAMA,AUTOMATIZACION Y CONTROL INDUSTRIAL
CALAMA,CONSTRUCCION CIVIL
CALAMA,CONSTRUCCION CIVIL MENCION EDIFICACION
CALAMA,CONSTRUCCIONCIVILMENCIONEDIFICACION
CALAMA,CONTABILIDAD GENERAL
CALAMA,CONTADOR AUDITOR
CALAMA,ELECTRONICA INDUSTRIAL
CALAMA,GASTRONOMIA INTERNACIONAL
CALAMA,INGENIERIA COMERCIAL
CALAMA,INGENIERIA EN ADMINISTRACION DE EMPRESAS MENCION FINANZAS
CALAMA,INGENIERIA EN AUTOMATIZACION Y CONTROL INDUSTRIAL
CALAMA,INGENIERIA EN GESTION DE CALIDAD Y AMBIENTE
CALAMA,INGENIERIA EN INFORMATICA
CALAMA,INGENIERIA EN MAQUINARIA PESADA Y VEHICULOS AUTOMOTRICES
CALAMA,INGENIERIA EN MAQUINARIA Y VEHICULOS AUTOMOTRICES
CALAMA,INGENIERIA EN METALURGIA
CALAMA,INGENIERIA EN MINAS
CALAMA,INGENIERIA EN MINAS MENCION METALURGIA EXTRACTIVA
CALAMA,INGENIERIA EN MINAS MENCION PROCESOS MINEROS
CALAMA,INGENIERIA EN PREVENCION DE RIESGOS
CALAMA,"INGENIERIA EN PREVENCION DE RIESGOS, CALIDAD Y AMBIENTE"
CALAMA,INGENIERIA INDUSTRIAL
CALAMA,INGENIERIA MECANICA EN MANTENIMIENTO INDUSTRIAL
CALAMA,LABORATORISTA QUIMICO MINERO
CALAMA,LOGISTICA Y OPERACIONES INDUSTRIALES
CALAMA,MANTENIMIENTO INDUSTRIAL
CALAMA,MECANICA AUTOMOTRIZ EN MAQUINARIA PESADA
CALAMA,PREVENCION DE RIESGOS
CALAMA,PROGRAMADOR DE APLICACIONES COMPUTACIONALES
CALAMA,PSICOPEDAGOGIA
CALAMA,SERVICIOS TURISTICOS MENCION TURISMO AVENTURA
CALAMA,TECNICO EN ENFERMERIA
CALAMA,TECNICO EN METALURGIA EXTRACTIVA
CALAMA,TECNOLOGIA EN ANALISIS QUIMICO
CALAMA,TECNOLOGIA EN METALURGIA
CALAMA,TECNOLOGIA EN MINERIA Y METALURGIA
CALAMA,TECNOLOGIA EN OPERACIONES MINERAS
CALAMA,TRABAJO SOCIAL
CALAMA,TURISMO MENCION TURISMO AVENTURA
CHILLAN,ADMINISTRACION DE EMPRESAS
CHILLAN,ADMINISTRACION DE EMPRESAS MENCION FINANZAS
CHILLAN,ADMINISTRACION DE EMPRESAS MENCION MARKETING
CHILLAN,ADMINISTRACION GASTRONOMICA INTERNACIONAL
CHILLAN,ADMINISTRACION TURISTICA INTERNACIONAL
CHILLAN,ANALISTA PROGRAMADOR
CHILLAN,ASISTENTE JURIDICO
CHILLAN,AUTOMATIZACION Y CONTROL INDUSTRIAL
CHILLAN,CLIMATIZACION
CHILLAN,COMUNICACION EMPRESARIAL
CHILLAN,COMUNICACION EMPRESARIAL MENCION MARKETING Y RELACIONES PUBLICAS
CHILLAN,CONECTIVIDAD Y REDES
CHILLAN,CONSTRUCCION CIVIL
CHILLAN,CONSTRUCCION CIVIL MENCION EDIFICACION
CHILLAN,CONTABILIDAD GENERAL
CHILLAN,CONTADOR AUDITOR
CHILLAN,DISEÑO GRAFICO PROFESIONAL
CHILLAN,EDIFICACION
CHILLAN,ELECTRICIDAD INDUSTRIAL MENCION ELECTROMECANICA
CHILLAN,ELECTRICIDAD INDUSTRIAL MENCION INSTALACIONES ELECTRICAS
CHILLAN,ELECTROMECANICA
CHILLAN,GASTRONOMIA INTERNACIONAL
CHILLAN,HOTELERIA Y SERVICIOS
CHILLAN,HOTELES Y RESTAURANTES
CHILLAN,INGENIERIA AGRICOLA
CHILLAN,INGENIERIA COMERCIAL
CHILLAN,INGENIERIA EN ADMINISTRACION DE EMPRESAS MENCION FINANZAS
CHILLAN,INGENIERIA EN ADMINISTRACION DE EMPRESAS MENCION MARKETING
CHILLAN,INGENIERIA EN ADMINISTRACION DE EMPRESAS MENCION MARKETING Y VENTAS
CHILLAN,INGENIERIA EN ADMINISTRACION INDUSTRIAL
CHILLAN,INGENIERIA EN AUTOMATIZACION Y CONTROL INDUSTRIAL
CHILLAN,INGENIERIA EN CLIMATIZACION
CHILLAN,INGENIERIA EN CONSTRUCCION
CHILLAN,INGENIERIA EN ELECTRICIDAD MENCION POTENCIA
CHILLAN,INGENIERIA EN GEOMENSURA
CHILLAN,INGENIERIA EN INFORMATICA
CHILLAN,INGENIERIA EN MAQUINARIA Y VEHICULOS AUTOMOTRICES
CHILLAN,"INGENIERIA EN MAQUINARIA, VEHICULOS AUTOMOTRICES Y SISTEMAS ELECTRONICOS"
CHILLAN,"INGENIERIA EN PREVENCION DE RIESGOS, CALIDAD Y AMBIENTE"
CHILLAN,"INGENIERIA EN TELECOMUNICACIONES, CONECTIVIDAD Y REDES"
CHILLAN,INGENIERIA INDUSTRIAL
CHILLAN,INGENIERIA MECANICA EN MANTENIMIENTO INDUSTRIAL
CHILLAN,LOGISTICA Y OPERACIONES INDUSTRIALES
CHILLAN,MANTENIMIENTO INDUSTRIAL
CHILLAN,MECANICA AUTOMOTRIZ
CHILLAN,MECANICA AUTOMOTRIZ EN SISTEMAS ELECTRONICOS
CHILLAN,NUTRICION Y DIETETICA
CHILLAN,PEDAGOGIA TECNICO PROFESIONAL MENCION INFORMATICA
CHILLAN,PREPARADOR FISICO
CHILLAN,PREVENCION DE RIESGOS
CHILLAN,PROGRAMADOR DE APLICACIONES COMPUTACIONALES
CHILLAN,PSICOPEDAGOGIA
CHILLAN,SERVICIO SOCIAL
CHILLAN,SERVICIOS TURISTICOS MENCION TURISMO AVENTURA
CHILLAN,SERVICIOS TURISTICOS MENCION VIAJES Y TURISMO
CHILLAN,SOPORTE COMPUTACIONAL
CHILLAN,TECNICO EN ENFERMERIA
CHILLAN,TECNOLOGIA AGRICOLA
CHILLAN,"TELECOMUNICACIONES, CONECTIVIDAD Y REDES"
CHILLAN,TOPOGRAFIA
CHILLAN,TRABAJO SOCIAL
CHILLAN,TURISMO
CHILLAN,TURISMO MENCION TURISMO AVENTURA
CHILLAN,TURISMO MENCION VIAJES Y TURISMO
COPIAPO,ADMINISTRACION DE EMPRESAS
COPIAPO,ADMINISTRACION DE EMPRESAS MENCION FINANZAS
COPIAPO,ANALISTA PROGRAMADOR
COPIAPO,ASISTENTE EJECUTIVO
COPIAPO,ASISTENTE EN EDUCACION DE PARVULOS
COPIAPO,ASISTENTE EN ODONTOLOGIA
COPIAPO,ASISTENTE JURIDICO
COPIAPO,CONECTIVIDAD Y REDES
COPIAPO,CONTABILIDAD GENERAL
COPIAPO,CONTADOR AUDITOR
COPIAPO,DIBUJO DE PROYECTOS DE ARQUITECTURA E INGENIERIA
COPIAPO,GASTRONOMIA INTERNACIONAL
COPIAPO,HOTELES Y RESTAURANTES
COPIAPO,INGENIERIA AGRICOLA
COPIAPO,INGENIERIA COMERCIAL
COPIAPO,INGENIERIA EN ADMINISTRACION DE EMPRESAS MENCION FINANZAS
COPIAPO,INGENIERIA EN ADMINISTRACION DE EMPRESAS MENCION MARKETING
COPIAPO,INGENIERIA EN INFORMATICA
COPIAPO,INGENIERIA EN MANUFACTURA INDUSTRIAL
COPIAPO,INGENIERIA EN MAQUINARIA PESADA Y VEHICULOS AUTOMOTRICES
COPIAPO,INGENIERIA EN MAQUINARIA Y VEHICULOS AUTOMOTRICES
COPIAPO,"INGENIERIA EN MAQUINARIA, VEHICULOS AUTOMOTRICES Y SISTEMAS ELECTRONICOS"
COPIAPO,INGENIERIA EN MINAS
COPIAPO,"INGENIERIA EN PREVENCION DE RIESGOS, CALIDAD Y AMBIENTE"
COPIAPO,INGENIERIA MECANICA EN PRODUCCION INDUSTRIAL
COPIAPO,MECANICA AUTOMOTRIZ
COPIAPO,MECANICA AUTOMOTRIZ EN MAQUINARIA PESADA
COPIAPO,MECANICA AUTOMOTRIZ EN SISTEMAS ELECTRONICOS
COPIAPO,MECANICA EN PRODUCCION INDUSTRIAL
COPIAPO,PEDAGOGIA TECNICO PROFESIONAL
COPIAPO,PEDAGOGIA TECNICO PROFESIONAL MENCION INFORMATICA
COPIAPO,PREVENCION DE RIESGOS
COPIAPO,PSICOPEDAGOGIA
COPIAPO,SERVICIO SOCIAL
COPIAPO,TECNICO EN ENFERMERIA
COPIAPO,TECNICO EN MINERIA
COPIAPO,TECNOLOGIA AGRICOLA
COPIAPO,"TECNOLOGIA AGRICOLA MENCION CULTIVOS, FRUTALES Y VIDES"
COPIAPO,TECNOLOGIA EN MINERIA
COPIAPO,"TELECOMUNICACIONES, CONECTIVIDAD Y REDES"
COPIAPO,TRABAJO SOCIAL
COYHAIQUE,ADMINISTRACION DE EMPRESAS
COYHAIQUE,ADMINISTRACION DE EMPRESAS MENCION FINANZAS
COYHAIQUE,ADMINISTRACION DE EMPRESAS MENCION GESTION DE PERSONAS
COYHAIQUE,ADMINISTRACION INDUSTRIAL
COYHAIQUE,ADMINISTRACIONDEEMPRESASMENCIONFINANZAS
COYHAIQUE,ADMINISTRACIONDEEMPRESASMENCIONGESTIONDEPERSONAS
COYHAIQUE,ANALISTA PROGRAMADOR
COYHAIQUE,ASISTENTE EN EDUCACION DE PARVULOS
COYHAIQUE,ASISTENTE JURIDICO
COYHAIQUE,CONECTIVIDAD Y REDES
COYHAIQUE,CONSTRUCCION CIVIL
COYHAIQUE,CONTABILIDAD GENERAL
COYHAIQUE,CONTADOR AUDITOR
COYHAIQUE,EDIFICACION
COYHAIQUE,GASTRONOMIA INTERNACIONAL
COYHAIQUE,INGENIERIA COMERCIAL
COYHAIQUE,INGENIERIA EN ADMINISTRACION DE EMPRESAS MENCION FINANZAS
COYHAIQUE,INGENIERIA EN ADMINISTRACION INDUSTRIAL MENCION LOGISTICA
COYHAIQUE,INGENIERIA EN INFORMATICA
COYHAIQUE,"INGENIERIA EN MAQUINARIA, VEHICULOS AUTOMOTRICES Y SISTEMAS ELECTRONICOS"
COYHAIQUE,INGENIERIA EN PREVENCION DE RIESGOS
COYHAIQUE,"INGENIERIA EN PREVENCION DE RIESGOS, CALIDAD Y AMBIENTE"
COYHAIQUE,INGENIERIA INDUSTRIAL
COYHAIQUE,"LABORATORISTA CLINICO, BANCO DE SANGRE E IMAGENOLOGIA"
COYHAIQUE,"LABORATORISTACLINICO,BANCODESANGREEIMAGENOLOGIA"
COYHAIQUE,LOGISTICA Y OPERACIONES INDUSTRIALES
COYHAIQUE,MECANICA AUTOMOTRIZ
COYHAIQUE,MECANICA AUTOMOTRIZ EN SISTEMAS ELECTRONICOS
COYHAIQUE,PREPARADOR FISICO
COYHAIQUE,PREVENCION DE RIESGOS
COYHAIQUE,PSICOPEDAGOGIA
COYHAIQUE,SERVICIOS TURISTICOS MENCION TURISMO AVENTURA
COYHAIQUE,TECNICO EN ENFERMERIA
COYHAIQUE,TECNICO EN FARMACIA
COYHAIQUE,TECNICO EN ODONTOLOGIA
COYHAIQUE,TECNOLOGIA EN PRODUCCION GANADERA
COYHAIQUE,TECNOLOGIA PECUARIA
COYHAIQUE,"TELECOMUNICACIONES, CONECTIVIDAD Y REDES"
COYHAIQUE,TOPOGRAFIA
COYHAIQUE,TRABAJO SOCIAL
COYHAIQUE,TURISMO
COYHAIQUE,TURISMO MENCION TURISMO AVENTURA
COYHAIQUE,TURISMOMENCIONTURISMOAVENTURA
CURICO,ADMINISTRACION DE EMPRESAS
CURICO,ADMINISTRACION DE EMPRESAS MENCION FINANZAS
CURICO,ADMINISTRACION GASTRONOMICA INTERNACIONAL
CURICO,ANALISTA PROGRAMADOR
CURICO,AUTOMATIZACION Y CONTROL INDUSTRIAL
CURICO,COMERCIO EXTERIOR
CURICO,CONSTRUCCION CIVIL
CURICO,CONTABILIDAD GENERAL
CURICO,CONTADOR AUDITOR
CURICO,DISEÑO EDITORIAL
CURICO,DISEÑO GRAFICO PROFESIONAL
CURICO,DISEÑO Y PRODUCCION GRAFICA
CURICO,EDIFICACION
CURICO,GASTRONOMIA INTERNACIONAL
CURICO,INGENIERIA AGRICOLA
CURICO,INGENIERIA COMERCIAL
CURICO,INGENIERIA EN ADMINISTRACION DE EMPRESAS MENCION FINANZAS
CURICO,INGENIERIA EN AUTOMATIZACION Y CONTROL INDUSTRIAL
CURICO,INGENIERIA EN INFORMATICA
CURICO,INGENIERIA EN MAQUINARIA Y VEHICULOS AUTOMOTRICES
CURICO,"INGENIERIA EN MAQUINARIA, VEHICULOS AUTOMOTRICES Y SISTEMAS ELECTRONICOS"
CURICO,"INGENIERIA EN PREVENCION DE RIESGOS, CALIDAD Y AMBIENTE"
CURICO,INGENIERIA EN REFRIGERACION
CURICO,INGENIERIA INDUSTRIAL
CURICO,INGENIERIA MECANICA EN MANTENIMIENTO INDUSTRIAL
CURICO,LOGISTICA Y OPERACIONES INDUSTRIALES
CURICO,MANTENIMIENTO INDUSTRIAL
CURICO,MECANICA AUTOMOTRIZ EN SISTEMAS ELECTRONICOS
CURICO,PREVENCION DE RIESGOS
CURICO,PSICOPEDAGOGIA
CURICO,REFRIGERACION
CURICO,SERVICIO SOCIAL
CURICO,TECNICO EN ENFERMERIA
CURICO,TECNOLOGIA AGRICOLA
CURICO,"TECNOLOGIA AGRICOLA MENCION CULTIVOS, FRUTALES Y VIDES"
CURICO,TECNOLOGIA EN VITIVINICULTURA
CURICO,TOPOGRAFIA
CURICO,TRABAJO SOCIAL
IQUIQUE,ADMINISTRACION DE EMPRESAS
IQUIQUE,ADMINISTRACION DE EMPRESAS MENCION FINANZAS
IQUIQUE,ADMINISTRACION DE EMPRESAS MENCION GESTION DE PERSONAS
IQUIQUE,ADMINISTRACION DE EMPRESAS MENCION MARKETING
IQUIQUE,ADMINISTRACION DE HOTELES Y RESTAURANTES
IQUIQUE,ADMINISTRACION GASTRONOMICA INTERNACIONAL
IQUIQUE,ADMINISTRACION HOTELERA INTERNACIONAL
IQUIQUE,ANALISTA PROGRAMADOR
IQUIQUE,AUTOMATIZACION Y CONTROL INDUSTRIAL
IQUIQUE,COMERCIO EXTERIOR
IQUIQUE,CONSTRUCCION CIVIL
IQUIQUE,CONSTRUCCION CIVIL MENCION EDIFICACION
IQUIQUE,CONTABILIDAD GENERAL
IQUIQUE,CONTADOR AUDITOR
IQUIQUE,DIBUJO DE PROYECTOS DE ARQUITECTURA E INGENIERIA
IQUIQUE,DISEÑO EDITORIAL
IQUIQUE,DISEÑO GRAFICO PROFESIONAL
IQUIQUE,DISEÑO Y PRODUCCION GRAFICA
IQUIQUE,DISEÑO Y PROGRAMACION MULTIMEDIA
IQUIQUE,EDIFICACION
IQUIQUE,ELECTRICIDAD INDUSTRIAL MENCION INSTALACIONES ELECTRICAS
IQUIQUE,ELECTRICIDAD INDUSTRIAL MENCION PROYECTOS ELECTRICOS
IQUIQUE,ELECTRONICA INDUSTRIAL
IQUIQUE,GASTRONOMIA INTERNACIONAL
IQUIQUE,HIGIENISTA DENTAL
IQUIQUE,HOTELERIA INTERNACIONAL
IQUIQUE,HOTELES Y RESTAURANTES
IQUIQUE,INGENIERIA COMERCIAL
IQUIQUE,INGENIERIA COMERCIAL (PLAN ESPECIAL INGENIERIA EN NEGOCIOS INTERNACIONALES)
IQUIQUE,INGENIERIA ELECTRONICA
IQUIQUE,INGENIERIA EN ADMINISTRACION DE EMPRESAS MENCION FINANZAS
IQUIQUE,INGENIERIA EN ADMINISTRACION DE EMPRESAS MENCION GESTION DE PERSONAS
IQUIQUE,INGENIERIA EN ADMINISTRACION DE EMPRESAS MENCION MARKETING
IQUIQUE,INGENIERIA EN ADMINISTRACION DE EMPRESAS MENCION MARKETING Y VENTAS
IQUIQUE,INGENIERIA EN AUTOMATIZACION Y CONTROL INDUSTRIAL
IQUIQUE,INGENIERIA EN CONECTIVIDAD Y REDES
IQUIQUE,INGENIERIA EN CONSTRUCCION
IQUIQUE,INGENIERIA EN ELECTRICIDAD MENCION PROYECTOS DE INSTALACIONES ELECTRICAS
IQUIQUE,INGENIERIA EN INFORMATICA
IQUIQUE,INGENIERIA EN LOGISTICA
IQUIQUE,INGENIERIA EN MAQUINARIA PESADA Y VEHICULOS AUTOMOTRICES
IQUIQUE,INGENIERIA EN MAQUINARIA Y VEHICULOS AUTOMOTRICES
IQUIQUE,"INGENIERIA EN MAQUINARIA, VEHICULOS AUTOMOTRICES Y SISTEMAS ELECTRONICOS"
IQUIQUE,INGENIERIA EN METALURGIA
IQUIQUE,INGENIERIA EN MINAS
IQUIQUE,INGENIERIA EN MINAS MENCION PROCESOS MINEROS
IQUIQUE,INGENIERIA EN NEGOCIOS INTERNACIONALES
IQUIQUE,"INGENIERIA EN PREVENCION DE RIESGOS, CALIDAD Y AMBIENTE"
IQUIQUE,INGENIERIA EN QUIMICA INDUSTRIAL
IQUIQUE,"INGENIERIA EN TELECOMUNICACIONES, CONECTIVIDAD Y REDES"
IQUIQUE,INGENIERIA INDUSTRIAL
IQUIQUE,INGENIERIA MECANICA EN MANTENIMIENTO INDUSTRIAL
IQUIQUE,INGENIERO CONSTRUCTOR
IQUIQUE,LOGISTICA
IQUIQUE,LOGISTICA Y OPERACIONES INDUSTRIALES
IQUIQUE,MANTENIMIENTO INDUSTRIAL
IQUIQUE,MECANICA AUTOMOTRIZ
IQUIQUE,MECANICA AUTOMOTRIZ EN MAQUINARIA PESADA
IQUIQUE,MECANICA AUTOMOTRIZ EN SISTEMAS ELECTRONICOS
IQUIQUE,PREVENCION DE RIESGOS
IQUIQUE,PROGRAMADOR DE APLICACIONES COMPUTACIONALES
IQUIQUE,PROGRAMADOR DE APLICACIONES COMPUTACIONALES MENCION VISUAL BASIC.NET-JAVA
IQUIQUE,PSICOPEDAGOGIA
IQUIQUE,PUBLICIDAD
IQUIQUE,SERVICIO SOCIAL
IQUIQUE,TECNICO EN ENFERMERIA
IQUIQUE,TECNICO EN METALURGIA EXTRACTIVA
IQUIQUE,TECNICO EN MINERIA
IQUIQUE,TECNOLOGIA EN ANALISIS QUIMICO
IQUIQUE,TECNOLOGIA EN METALURGIA
IQUIQUE,TECNOLOGIA EN MINERIA
IQUIQUE,"TELECOMUNICACIONES, CONECTIVIDAD Y REDES"
IQUIQUE,TOPOGRAFIA
IQUIQUE,TRABAJO SOCIAL
IQUIQUE,TURISMO MENCION TURISMO AVENTURA
LA SERENA,ADMINISTRACION DE EMPRESAS
LA SERENA,ADMINISTRACION DE EMPRESAS MENCION FINANZAS
LA SERENA,ADMINISTRACION DE EMPRESAS MENCION GESTION DE PERSONAS
LA SERENA,ADMINISTRACION DE EMPRESAS MENCION MARKETING
LA SERENA,ADMINISTRACION DE EMPRESAS MENCION PERSONAL
LA SERENA,ADMINISTRACION EN ALIMENTACION COLECTIVA
LA SERENA,ADMINISTRACION GASTRONOMICA INTERNACIONAL
LA SERENA,ANALISTA PROGRAMADOR
LA SERENA,ASISTENTE JURIDICO
LA SERENA,BIOTECNOLOGIA INDUSTRIAL
LA SERENA,COMERCIO EXTERIOR
LA SERENA,CONSTRUCCION CIVIL
LA SERENA,CONSTRUCCION CIVIL MENCION EDIFICACION
LA SERENA,CONTABILIDAD GENERAL
LA SERENA,CONTADOR AUDITOR
LA SERENA,DISEÑO & PRODUCCION DE MODA
LA SERENA,DISEÑO DE MODA
LA SERENA,DISEÑO DE VESTUARIO
LA SERENA,DISEÑO EDITORIAL
LA SERENA,DISEÑO GRAFICO PROFESIONAL
LA SERENA,DISEÑO Y PRODUCCION GRAFICA
LA SERENA,DISEÑO Y PROGRAMACION MULTIMEDIA
LA SERENA,EDIFICACION
LA SERENA,ENFERMERIA
LA SERENA,GASTRONOMIA INTERNACIONAL
LA SERENA,HOTELERIA INTERNACIONAL
LA SERENA,HOTELES Y RESTAURANTES
LA SERENA,INGENIERIA AGRICOLA
LA SERENA,"INGENIERIA AGRICOLA MENCION CULTIVOS, FRUTALES Y VIDES"
LA SERENA,INGENIERIA CIVIL INFORMATICA
LA SERENA,INGENIERIA COMERCIAL
LA SERENA,INGENIERIA EN ADMINISTRACION DE EMPRESAS MENCION FINANZAS
LA SERENA,INGENIERIA EN ADMINISTRACION DE EMPRESAS MENCION GESTION DE PERSONAS
LA SERENA,INGENIERIA EN ADMINISTRACION DE EMPRESAS MENCION MARKETING
LA SERENA,INGENIERIA EN ADMINISTRACION DE EMPRESAS MENCION MARKETING Y VENTAS
LA SERENA,INGENIERIA EN ADMINISTRACION DE EMPRESAS MENCION PERSONAL
LA SERENA,INGENIERIA EN CIBERSEGURIDAD
LA SERENA,INGENIERIA EN CONECTIVIDAD Y REDES
LA SERENA,INGENIERIA EN CONSTRUCCION
LA SERENA,INGENIERIA EN GEOMENSURA
LA SERENA,INGENIERIA EN GESTION DE CALIDAD Y AMBIENTE
LA SERENA,INGENIERIA EN GESTION INFORMATICA
LA SERENA,INGENIERIA EN INFORMATICA
LA SERENA,INGENIERIA EN MAQUINARIA Y VEHICULOS AUTOMOTRICES
LA SERENA,"INGENIERIA EN MAQUINARIA, VEHICULOS AUTOMOTRICES Y SISTEMAS ELECTRONICOS"
LA SERENA,INGENIERIA EN PREVENCION DE RIESGOS
LA SERENA,"INGENIERIA EN PREVENCION DE RIESGOS, CALIDAD Y AMBIENTE"
LA SERENA,"INGENIERIA EN TELECOMUNICACIONES, CONECTIVIDAD Y REDES"
LA SERENA,INGENIERIA INDUSTRIAL
LA SERENA,INGENIERO CONSTRUCTOR
LA SERENA,KINESIOLOGIA
LA SERENA,LOGISTICA Y OPERACIONES INDUSTRIALES
LA SERENA,MECANICA AUTOMOTRIZ EN MAQUINARIA PESADA
LA SERENA,MECANICA AUTOMOTRIZ EN SISTEMAS ELECTRONICOS
LA SERENA,NUTRICION Y DIETETICA
LA SERENA,PEDAGOGIA TECNICO PROFESIONAL MENCION AGRICOLA
LA SERENA,PEDAGOGIA TECNICO PROFESIONAL MENCION INFORMATICA
LA SERENA,PEDAGOGIA TECNICO PROFESIONAL MENCION MECANICA AUTOMOTRIZ
LA SERENA,PREPARADOR FISICO
LA SERENA,PREVENCION DE RIESGOS
LA SERENA,PSICOPEDAGOGIA
LA SERENA,SERVICIO SOCIAL
LA SERENA,SERVICIOS TURISTICOS MENCION TURISMO AVENTURA
LA SERENA,SERVICIOS TURISTICOS MENCION VIAJES Y TURISMO
LA SERENA,TECNICO EN CONSTRUCCION
LA SERENA,TECNICO EN ENFERMERIA
LA SERENA,TECNOLOGIA AGRICOLA
LA SERENA,"TECNOLOGIA AGRICOLA MENCION CULTIVOS, FRUTALES Y VIDES"
LA SERENA,TECNOLOGIA EN ACUICULTURA
LA SERENA,TECNOLOGIA EN VITIVINICULTURA
LA SERENA,"TELECOMUNICACIONES, CONECTIVIDAD Y REDES"
LA SERENA,TOPOGRAFIA
LA SERENA,TRABAJO SOCIAL
LA SERENA,TRADUCCION E INTERPRETE INGLES-ESPAÑOL
LA SERENA,TRADUCCION INGLES-ESPAÑOL MENCION NEGOCIOS INTERNACIONALES
LA SERENA,TURISMO
LA SERENA,TURISMO MENCION TURISMO AVENTURA
LA SERENA,TURISMO MENCION VIAJES Y TURISMO
LAS CONDES,ADMINISTRACION DE EMPRESAS
LAS CONDES,ADMINISTRACION DE EMPRESAS MENCION FINANZAS
LAS CONDES,ADMINISTRACION DE EMPRESAS MENCION MARKETING
LAS CONDES,ADMINISTRACION DE EMPRESAS MENCION PERSONAL
LAS CONDES,ADMINISTRACION DE EMPRESAS TURISTICAS MENCION TURISMO AVENTURA
LAS CONDES,"ADMINISTRACION DE EMPRESAS TURISTICAS, MENCION VIAJES Y TURISMO"
LAS CONDES,ADMINISTRACION DE HOTELES Y RESTAURANTES
LAS CONDES,ADMINISTRACION EN ALIMENTACION COLECTIVA
LAS CONDES,ADMINISTRACION EN HOTELERIA Y SERVICIOS
LAS CONDES,ADMINISTRACION EN PRODUCCION GASTRONOMICA MENCION COCINA INTERNACIONAL
LAS CONDES,ADMINISTRACION EN PRODUCCION GASTRONOMICA MENCION PASTELERIA INTERNACIONAL
LAS CONDES,ADMINISTRACION GASTRONOMICA INTERNACIONAL
LAS CONDES,ADMINISTRACION HOTELERA INTERNACIONAL
LAS CONDES,ADMINISTRACION HOTELERA PROFESIONAL MENCION ALIMENTOS Y BEBIDAS
LAS CONDES,ADMINISTRACION HOTELERA PROFESIONAL MENCION RECEPCION Y HABITACIONES
LAS CONDES,ADMINISTRACION TURISTICA INTERNACIONAL
LAS CONDES,ADMINISTRACIONDEEMPRESASMENCIONMARKETING
LAS CONDES,ANALISTA PROGRAMADOR
LAS CONDES,ARQUITECTURA DEL PAISAJE
LAS CONDES,COMUNICACION EMPRESARIAL
LAS CONDES,COMUNICACION EMPRESARIAL MENCION MARKETING Y RELACIONES PUBLICAS
LAS CONDES,COMUNICACION EMPRESARIAL MENCION RECURSOS HUMANOS
LAS CONDES,CONTABILIDAD GENERAL
LAS CONDES,CONTADOR AUDITOR
LAS CONDES,DISEÑO & PRODUCCION DE MODA
LAS CONDES,DISEÑO DE MODA
LAS CONDES,DISEÑO DE VESTUARIO
LAS CONDES,DISEÑO EDITORIAL
LAS CONDES,DISEÑO GRAFICO PROFESIONAL
LAS CONDES,DISEÑO INDUSTRIAL DE MOBILIARIO Y PRODUCTO
LAS CONDES,DISEÑO WEB & MOBILE
LAS CONDES,DISEÑO Y PRODUCCION GRAFICA
LAS CONDES,DISEÑO Y PROGRAMACION MULTIMEDIA
LAS CONDES,GASTRONOMIA INTERNACIONAL
LAS CONDES,HOTELERIA INTERNACIONAL
LAS CONDES,HOTELERIA Y SERVICIOS
LAS CONDES,HOTELES Y RESTAURANTES
LAS CONDES,INGENIERIA CIVIL INFORMATICA
LAS CONDES,INGENIERIA COMERCIAL
LAS CONDES,INGENIERIA COMERCIAL (PLAN ESPECIAL CONTADOR AUDITOR)
LAS CONDES,INGENIERIA COMERCIAL (PLAN ESPECIAL INGENIERIA EN NEGOCIOS INTERNACIONALES)
LAS CONDES,INGENIERIA EN ADMINISTRACION DE EMPRESAS MENCION FINANZAS
LAS CONDES,INGENIERIA EN ADMINISTRACION DE EMPRESAS MENCION MARKETING
LAS CONDES,INGENIERIA EN ADMINISTRACION DE EMPRESAS MENCION MARKETING Y VENTAS
LAS CONDES,INGENIERIA EN ADMINISTRACION DE EMPRESAS MENCION PERSONAL
LAS CONDES,INGENIERIA EN INFORMATICA
LAS CONDES,INGENIERIA EN NEGOCIOS INTERNACIONALES
LAS CONDES,"INGENIERIA EN TELECOMUNICACIONES, CONECTIVIDAD Y REDES"
LAS CONDES,NUTRICION Y ALIMENTACION INSTITUCIONAL
LAS CONDES,NUTRICION Y DIETETICA
LAS CONDES,PAISAJISMO
LAS CONDES,PAISAJISMO MENCION DISEÑO DIGITAL AVANZADO
LAS CONDES,PROGRAMADOR DE APLICACIONES COMPUTACIONALES
LAS CONDES,PSICOPEDAGOGIA
LAS CONDES,PUBLICIDAD
LAS CONDES,SERVICIO SOCIAL
LAS CONDES,SERVICIOS TURISTICOS MENCION TURISMO AVENTURA
LAS CONDES,SERVICIOS TURISTICOS MENCION VIAJES Y TURISMO
LAS CONDES,TECNICO EN ALIMENTACION COLECTIVA
LAS CONDES,TRABAJO SOCIAL
LAS CONDES,TRADUCCION INGLES-ESPAÑOL MENCION NEGOCIOS INTERNACIONALES
LAS CONDES,TURISMO
LAS CONDES,TURISMO MENCION TURISMO AVENTURA
LAS CONDES,TURISMO MENCION VIAJES Y TURISMO
LOS ANGELES,ADMINISTRACION DE EMPRESAS
LOS ANGELES,ADMINISTRACION DE EMPRESAS MENCION MARKETING
LOS ANGELES,ADMINISTRACION GASTRONOMICA INTERNACIONAL
LOS ANGELES,ANALISTA PROGRAMADOR
LOS ANGELES,ASISTENTE JURIDICO
LOS ANGELES,AUTOMATIZACION Y CONTROL INDUSTRIAL
LOS ANGELES,COMERCIO EXTERIOR
LOS ANGELES,CONSTRUCCION CIVIL
LOS ANGELES,CONTABILIDAD GENERAL
LOS ANGELES,EDIFICACION
LOS ANGELES,ELECTRICIDAD INDUSTRIAL MENCION INSTALACIONES ELECTRICAS
LOS ANGELES,ELECTRONICA INDUSTRIAL
LOS ANGELES,GASTRONOMIA INTERNACIONAL
LOS ANGELES,GESTION Y CONTROL DE CALIDAD
LOS ANGELES,INGENIERIA EN ADMINISTRACION DE EMPRESAS MENCION FINANZAS
LOS ANGELES,INGENIERIA EN ADMINISTRACION DE EMPRESAS MENCION MARKETING
LOS ANGELES,INGENIERIA EN ADMINISTRACION DE EMPRESAS MENCION MARKETING Y VENTAS
LOS ANGELES,INGENIERIA EN AUTOMATIZACION Y CONTROL INDUSTRIAL
LOS ANGELES,INGENIERIA EN CONSTRUCCION
LOS ANGELES,INGENIERIA EN ELECTRICIDAD MENCION PROYECTOS DE INSTALACIONES ELECTRICAS
LOS ANGELES,INGENIERIA EN INFORMATICA
LOS ANGELES,"INGENIERIA EN MAQUINARIA, VEHICULOS AUTOMOTRICES Y SISTEMAS ELECTRONICOS"
LOS ANGELES,"INGENIERIA EN PREVENCION DE RIESGOS, CALIDAD Y AMBIENTE"
LOS ANGELES,INGENIERIA MECANICA EN MANTENIMIENTO INDUSTRIAL
LOS ANGELES,MANTENIMIENTO INDUSTRIAL
LOS ANGELES,MECANICA AUTOMOTRIZ EN SISTEMAS ELECTRONICOS
LOS ANGELES,PEDAGOGIA TECNICO PROFESIONAL MENCION INFORMATICA
LOS ANGELES,PREVENCION DE RIESGOS
LOS ANGELES,PSICOPEDAGOGIA
LOS ANGELES,TECNICO EN ENFERMERIA
LOS ANGELES,"TELECOMUNICACIONES, CONECTIVIDAD Y REDES"
LOS ANGELES,TOPOGRAFIA
LOS ANGELES,TRABAJO SOCIAL
LOS ANGELES,TRADUCCION INGLES-ESPAÑOL MENCION NEGOCIOS INTERNACIONALES
MACUL,ADMINISTRACION DE EMPRESAS
MACUL,ADMINISTRACION DE EMPRESAS MENCION FINANZAS
MACUL,ADMINISTRACION DE EMPRESAS MENCION GESTION DE PERSONAS
MACUL,ADMINISTRACION DE EMPRESAS MENCION MARKETING
MACUL,ADMINISTRACION INDUSTRIAL
MACUL,ANALISTA PROGRAMADOR
MACUL,AUTOMATIZACION Y CONTROL INDUSTRIAL
MACUL,BIOTECNOLOGIA INDUSTRIAL
MACUL,CLIMATIZACION
MACUL,CONECTIVIDAD Y REDES
MACUL,DIBUJO TECNICO INDUSTRIAL
MACUL,DISEÑO Y PROGRAMACION MULTIMEDIA
MACUL,ELECTRICIDAD INDUSTRIAL MENCION INSTALACIONES ELECTRICAS
MACUL,ELECTRICIDAD INDUSTRIAL MENCION PROYECTOS ELECTRICOS
MACUL,ELECTRONICA INDUSTRIAL
MACUL,GESTION Y CONTROL DE CALIDAD
MACUL,INGENIERIA AGRICOLA
MACUL,"INGENIERIA AGRICOLA MENCION CULTIVOS, FRUTALES Y VIDES"
MACUL,INGENIERIA CIVIL INFORMATICA
MACUL,INGENIERIA ELECTRONICA
MACUL,INGENIERIA EN ADMINISTRACION DE EMPRESAS MENCION FINANZAS
MACUL,INGENIERIA EN ADMINISTRACION INDUSTRIAL
MACUL,INGENIERIA EN ADMINISTRACION INDUSTRIAL MENCION CALIDAD
MACUL,INGENIERIA EN ADMINISTRACION INDUSTRIAL MENCION LOGISTICA
MACUL,INGENIERIA EN ADMINISTRACION INDUSTRIAL MENCION PROCESOS PRODUCTIVOS
MACUL,INGENIERIA EN AUTOMATIZACION Y CONTROL INDUSTRIAL
MACUL,INGENIERIA EN BIOTECNOLOGIA
MACUL,INGENIERIA EN CIBERSEGURIDAD
MACUL,INGENIERIA EN CLIMATIZACION
MACUL,INGENIERIA EN CONECTIVIDAD Y REDES
MACUL,INGENIERIA EN ELECTRICIDAD
MACUL,INGENIERIA EN ELECTRICIDAD MENCION POTENCIA
MACUL,INGENIERIA EN ELECTRICIDAD MENCION PROYECTOS DE INSTALACIONES ELECTRICAS
MACUL,INGENIERIA EN GESTION DE CALIDAD Y AMBIENTE
MACUL,INGENIERIA EN INDUSTRIA ALIMENTARIA
MACUL,INGENIERIA EN INFORMATICA
MACUL,INGENIERIA EN LOGISTICA
MACUL,INGENIERIA EN MANTENIMIENTO INDUSTRIAL
MACUL,INGENIERIA EN MANUFACTURA INDUSTRIAL METALMECANICA
MACUL,"INGENIERIA EN MAQUINARIA, VEHICULOS AUTOMOTRICES Y SISTEMAS ELECTRONICOS"
MACUL,"INGENIERIA EN PREVENCION DE RIESGOS, CALIDAD Y AMBIENTE"
MACUL,INGENIERIA EN PROYECTOS INDUSTRIALES
MACUL,INGENIERIA EN QUIMICA INDUSTRIAL
MACUL,INGENIERIA EN REFRIGERACION
MACUL,INGENIERIA EN REFRIGERACION Y CLIMATIZACION INDUSTRIAL
MACUL,INGENIERIA EN TELECOMUNICACIONES
MACUL,"INGENIERIA EN TELECOMUNICACIONES, CONECTIVIDAD Y REDES"
MACUL,INGENIERIA INDUSTRIAL
MACUL,INGENIERIA MECANICA EN MANTENIMIENTO INDUSTRIAL
MACUL,INGENIERIA MECANICA EN PRODUCCION INDUSTRIAL
MACUL,LOGISTICA
MACUL,LOGISTICA Y OPERACIONES INDUSTRIALES
MACUL,MANTENIMIENTO INDUSTRIAL
MACUL,MECANICA AUTOMOTRIZ
MACUL,MECANICA AUTOMOTRIZ EN SISTEMAS ELECTRONICOS
MACUL,MECANICA EN PRODUCCION INDUSTRIAL
MACUL,MICROBIOLOGIA INDUSTRIAL DE ALIMENTOS
MACUL,PREPARADOR FISICO
MACUL,PREVENCION DE RIESGOS
MACUL,PROGRAMADOR DE APLICACIONES COMPUTACIONALES
MACUL,REFRIGERACION
MACUL,REFRIGERACION Y CLIMATIZACION
MACUL,SOPORTE COMPUTACIONAL
MACUL,TECNICO EN MEDIO AMBIENTE
MACUL,TECNOLOGIA AGRICOLA
MACUL,"TECNOLOGIA AGRICOLA MENCION CULTIVOS, FRUTALES Y VIDES"
MACUL,TECNOLOGIA EN ANALISIS QUIMICO
MACUL,TECNOLOGIA EN VITIVINICULTURA
MACUL,TECNOLOGIA INDUSTRIAL DE LOS ALIMENTOS
MACUL,TECNOLOGIA PECUARIA
MACUL,TECNOLOGIA Y ADMINISTRACION AGRICOLA
MACUL,TECNOLOGIA Y ADMINISTRACION AGRICOLA MENCION CULTIVOS Y GANADERIA
MACUL,"TECNOLOGIA Y ADMINISTRACION AGRICOLA MENCION CULTIVOS, FRUTALES Y VIDES"
MACUL,TECNOLOGIA Y ADMINISTRACION PECUARIA
MACUL,TELECOMUNICACIONES
MACUL,"TELECOMUNICACIONES, CONECTIVIDAD Y REDES"
MAIPU,ADMINISTRACION DE EMPRESAS
MAIPU,ADMINISTRACION DE EMPRESAS MENCION FINANZAS
MAIPU,ADMINISTRACION DE EMPRESAS MENCION GESTION DE PERSONAS
MAIPU,ADMINISTRACION DE EMPRESAS MENCION MARKETING
MAIPU,ADMINISTRACION DE EMPRESAS MENCION PERSONAL
MAIPU,ANALISTA PROGRAMADOR
MAIPU,AUTOMATIZACION Y CONTROL INDUSTRIAL
MAIPU,CONTABILIDAD GENERAL
MAIPU,CONTADOR AUDITOR
MAIPU,DIBUJO DE PROYECTOS DE ARQUITECTURA E INGENIERIA
MAIPU,DISEÑO GRAFICO PROFESIONAL
MAIPU,DISEÑO Y PRODUCCION GRAFICA
MAIPU,DISEÑO Y PROGRAMACION MULTIMEDIA
MAIPU,ELECTRICIDAD INDUSTRIAL MENCION ELECTROMECANICA
MAIPU,ELECTROMECANICA
MAIPU,GASTRONOMIA INTERNACIONAL
MAIPU,GESTION Y CONTROL DE CALIDAD
MAIPU,INGENIERIA COMERCIAL
MAIPU,INGENIERIA EN ADMINISTRACION DE EMPRESAS MENCION FINANZAS
MAIPU,INGENIERIA EN ADMINISTRACION DE EMPRESAS MENCION GESTION DE PERSONAS
MAIPU,INGENIERIA EN ADMINISTRACION DE EMPRESAS MENCION MARKETING
MAIPU,INGENIERIA EN ADMINISTRACION DE EMPRESAS MENCION PERSONAL
MAIPU,INGENIERIA EN AUTOMATIZACION Y CONTROL INDUSTRIAL
MAIPU,INGENIERIA EN GEOMENSURA
MAIPU,INGENIERIA EN GESTION DE CALIDAD Y AMBIENTE
MAIPU,INGENIERIA EN INFORMATICA
MAIPU,INGENIERIA EN MANTENIMIENTO INDUSTRIAL
MAIPU,INGENIERIA EN MAQUINARIA Y VEHICULOS AUTOMOTRICES
MAIPU,"INGENIERIA EN MAQUINARIA, VEHICULOS AUTOMOTRICES Y SISTEMAS ELECTRONICOS"
MAIPU,INGENIERIA EN METALURGIA
MAIPU,INGENIERIA EN MINAS
MAIPU,INGENIERIA EN MINAS MENCION PROCESOS MINEROS
MAIPU,"INGENIERIA EN PREVENCION DE RIESGOS, CALIDAD Y AMBIENTE"
MAIPU,INGENIERIA MECANICA EN MANTENIMIENTO INDUSTRIAL
MAIPU,MANTENIMIENTO INDUSTRIAL
MAIPU,MECANICA AUTOMOTRIZ
MAIPU,MECANICA AUTOMOTRIZ EN SISTEMAS ELECTRONICOS
MAIPU,MINERO METALURGICO
MAIPU,PREVENCION DE RIESGOS
MAIPU,PROGRAMADOR DE APLICACIONES COMPUTACIONALES
MAIPU,PSICOPEDAGOGIA
MAIPU,PUBLICIDAD
MAIPU,SERVICIO SOCIAL
MAIPU,TECNICO EN ENFERMERIA
MAIPU,TECNOLOGIA EN MINERIA
MAIPU,TOPOGRAFIA
MAIPU,TRABAJO SOCIAL
MAIPU,TRADUCCION INGLES-ESPAÑOL MENCION NEGOCIOS INTERNACIONALES
OSORNO,ADMINISTRACION DE EMPRESAS
OSORNO,ADMINISTRACION DE EMPRESAS MENCION FINANZAS
OSORNO,ADMINISTRACION DE EMPRESAS MENCION MARKETING
OSORNO,ADMINISTRACION DE HOTELES Y RESTAURANTES
OSORNO,ADMINISTRACION EN HOTELERIA Y SERVICIOS
OSORNO,ADMINISTRACION GASTRONOMICA INTERNACIONAL
OSORNO,ANALISTA PROGRAMADOR
OSORNO,AUTOMATIZACION Y CONTROL INDUSTRIAL
OSORNO,COMERCIO EXTERIOR
OSORNO,CONSTRUCCION CIVIL
OSORNO,CONTABILIDAD GENERAL
OSORNO,CONTADOR AUDITOR
OSORNO,DISEÑO EDITORIAL
OSORNO,DISEÑO GRAFICO PROFESIONAL
OSORNO,DISEÑO Y PRODUCCION GRAFICA
OSORNO,EDIFICACION
OSORNO,ELECTRICIDAD INDUSTRIAL MENCION INSTALACIONES ELECTRICAS
OSORNO,ELECTRICIDAD INDUSTRIAL MENCION PROYECTOS ELECTRICOS
OSORNO,GASTRONOMIA INTERNACIONAL
OSORNO,HOTELERIA Y SERVICIOS
OSORNO,HOTELES Y RESTAURANTES
OSORNO,INGENIERIA AGRICOLA
OSORNO,INGENIERIA AGRICOLA MENCION GANADERIA
OSORNO,INGENIERIA CIVIL INFORMATICA
OSORNO,INGENIERIA COMERCIAL
OSORNO,INGENIERIA EN ADMINISTRACION DE EMPRESAS MENCION FINANZAS
OSORNO,INGENIERIA EN ADMINISTRACION DE EMPRESAS MENCION MARKETING
OSORNO,INGENIERIA EN ADMINISTRACION DE EMPRESAS MENCION MARKETING Y VENTAS
OSORNO,INGENIERIA EN AUTOMATIZACION Y CONTROL INDUSTRIAL
OSORNO,INGENIERIA EN ELECTRICIDAD MENCION PROYECTOS DE INSTALACIONES ELECTRICAS
OSORNO,INGENIERIA EN INFORMATICA
OSORNO,INGENIERIA EN MAQUINARIA Y VEHICULOS AUTOMOTRICES
OSORNO,"INGENIERIA EN MAQUINARIA, VEHICULOS AUTOMOTRICES Y SISTEMAS ELECTRONICOS"
OSORNO,"INGENIERIA EN PREVENCION DE RIESGOS, CALIDAD Y AMBIENTE"
OSORNO,INGENIERIA EN PRODUCCION GANADERA
OSORNO,INGENIERIA INDUSTRIAL
OSORNO,INGENIERIA MECANICA EN MANTENIMIENTO INDUSTRIAL
OSORNO,"LABORATORISTA CLINICO, BANCO DE SANGRE E IMAGENOLOGIA"
OSORNO,LOGISTICA Y OPERACIONES INDUSTRIALES
OSORNO,MANTENIMIENTO INDUSTRIAL
OSORNO,MECANICA AUTOMOTRIZ
OSORNO,MECANICA AUTOMOTRIZ EN SISTEMAS ELECTRONICOS
OSORNO,PEDAGOGIA TECNICO PROFESIONAL
OSORNO,PREPARADOR FISICO
OSORNO,PREVENCION DE RIESGOS
OSORNO,PROGRAMADOR DE APLICACIONES COMPUTACIONALES
OSORNO,PSICOPEDAGOGIA
OSORNO,SERVICIO SOCIAL
OSORNO,SERVICIOS TURISTICOS MENCION TURISMO AVENTURA
OSORNO,TECNICO EN ENFERMERIA
OSORNO,TECNICO EN FARMACIA
OSORNO,TECNICO EN ODONTOLOGIA
OSORNO,TECNOLOGIA AGRICOLA
OSORNO,TECNOLOGIA AGRICOLA MENCION CULTIVOS Y GANADERIA
OSORNO,TECNOLOGIA EN PRODUCCION GANADERA
OSORNO,TECNOLOGIA EN SONIDO
OSORNO,TECNOLOGIA INDUSTRIAL DE LOS ALIMENTOS
OSORNO,TECNOLOGIA PECUARIA
OSORNO,"TELECOMUNICACIONES, CONECTIVIDAD Y REDES"
OSORNO,TRABAJO SOCIAL
OSORNO,TRADUCCION E INTERPRETE INGLES-ESPAÑOL
OSORNO,TRADUCCION INGLES-ESPAÑOL MENCION NEGOCIOS INTERNACIONALES
OSORNO,TURISMO
OSORNO,TURISMO MENCION TURISMO AVENTURA
PUENTE ALTO,ADMINISTRACION DE EMPRESAS
PUENTE ALTO,ANALISTA PROGRAMADOR
PUENTE ALTO,AUTOMATIZACION Y CONTROL INDUSTRIAL
PUENTE ALTO,CONSTRUCCION CIVIL
PUENTE ALTO,CONTABILIDAD GENERAL
PUENTE ALTO,CONTADOR AUDITOR
PUENTE ALTO,DISEÑO GRAFICO PROFESIONAL
PUENTE ALTO,DISEÑO Y PRODUCCION GRAFICA
PUENTE ALTO,EDIFICACION
PUENTE ALTO,ELECTRICIDAD INDUSTRIAL MENCION ELECTROMECANICA
PUENTE ALTO,ELECTROMECANICA
PUENTE ALTO,GASTRONOMIA INTERNACIONAL
PUENTE ALTO,INGENIERIA EN ADMINISTRACION DE EMPRESAS MENCION FINANZAS
PUENTE ALTO,INGENIERIA EN ADMINISTRACION DE EMPRESAS MENCION MARKETING Y VENTAS
PUENTE ALTO,INGENIERIA EN AUTOMATIZACION Y CONTROL INDUSTRIAL
PUENTE ALTO,INGENIERIA EN CONSTRUCCION
PUENTE ALTO,INGENIERIA EN INFORMATICA
PUENTE ALTO,"INGENIERIA EN MAQUINARIA, VEHICULOS AUTOMOTRICES Y SISTEMAS ELECTRONICOS"
PUENTE ALTO,"INGENIERIA EN PREVENCION DE RIESGOS, CALIDAD Y AMBIENTE"
PUENTE ALTO,LOGISTICA Y OPERACIONES INDUSTRIALES
PUENTE ALTO,MANTENIMIENTO INDUSTRIAL
PUENTE ALTO,MANTENIMIENTO MECANICO DE PLANTAS MINERAS
PUENTE ALTO,MECANICA AUTOMOTRIZ EN SISTEMAS ELECTRONICOS
PUENTE ALTO,PREVENCION DE RIESGOS
PUENTE ALTO,PSICOPEDAGOGIA
PUENTE ALTO,TECNICO EN FARMACIA
PUENTE ALTO,TECNICO EN ODONTOLOGIA
PUENTE ALTO,"TELECOMUNICACIONES, CONECTIVIDAD Y REDES"
PUENTE ALTO,TOPOGRAFIA
PUENTE ALTO,TRABAJO SOCIAL
PUENTE ALTO,TRADUCCION INGLES-ESPAÑOL MENCION NEGOCIOS INTERNACIONALES
PUENTE ALTO,TURISMO
PUERTO MONTT,ADMINISTRACION DE EMPRESAS
PUERTO MONTT,ADMINISTRACION DE EMPRESAS MENCION FINANZAS
PUERTO MONTT,ADMINISTRACION DE EMPRESAS MENCION MARKETING
PUERTO MONTT,ADMINISTRACION DE HOTELES Y RESTAURANTES
PUERTO MONTT,ADMINISTRACION EN HOTELERIA Y SERVICIOS
PUERTO MONTT,ADMINISTRACION INDUSTRIAL
PUERTO MONTT,ANALISTA PROGRAMADOR
PUERTO MONTT,ASISTENTE EN EDUCACION DE PARVULOS
PUERTO MONTT,BIOTECNOLOGIA INDUSTRIAL
PUERTO MONTT,CONTADOR AUDITOR
PUERTO MONTT,ELECTRICIDAD INDUSTRIAL MENCION INSTALACIONES ELECTRICAS
PUERTO MONTT,ELECTRICIDAD INDUSTRIAL MENCION PROYECTOS ELECTRICOS
PUERTO MONTT,ELECTROMECANICA
PUERTO MONTT,GASTRONOMIA INTERNACIONAL
PUERTO MONTT,INGENIERIA COMERCIAL
PUERTO MONTT,INGENIERIA EN ADMINISTRACION DE EMPRESAS MENCION FINANZAS
PUERTO MONTT,INGENIERIA EN ADMINISTRACION DE EMPRESAS MENCION MARKETING
PUERTO MONTT,INGENIERIA EN ELECTRICIDAD MENCION POTENCIA
PUERTO MONTT,INGENIERIA EN ELECTRICIDAD MENCION PROYECTOS DE INSTALACIONES ELECTRICAS
PUERTO MONTT,INGENIERIA EN GESTION DE CALIDAD Y AMBIENTE
PUERTO MONTT,INGENIERIA EN INFORMATICA
PUERTO MONTT,INGENIERIA EN MAQUINARIA Y VEHICULOS AUTOMOTRICES
PUERTO MONTT,"INGENIERIA EN MAQUINARIA, VEHICULOS AUTOMOTRICES Y SISTEMAS ELECTRONICOS"
PUERTO MONTT,"INGENIERIA EN PREVENCION DE RIESGOS, CALIDAD Y AMBIENTE"
PUERTO MONTT,INGENIERIA INDUSTRIAL
PUERTO MONTT,INGENIERIA MECANICA EN MANTENIMIENTO INDUSTRIAL
PUERTO MONTT,INGENIERIAENMAQUINARIAYVEHICULOSAUTOMOTRICES
PUERTO MONTT,"LABORATORISTA CLINICO, BANCO DE SANGRE E IMAGENOLOGIA"
PUERTO MONTT,MANTENIMIENTO INDUSTRIAL
PUERTO MONTT,MECANICA AUTOMOTRIZ
PUERTO MONTT,MECANICA AUTOMOTRIZ EN SISTEMAS ELECTRONICOS
PUERTO MONTT,PEDAGOGIA TECNICO PROFESIONAL MENCION INFORMATICA
PUERTO MONTT,PREVENCION DE RIESGOS
PUERTO MONTT,PSICOPEDAGOGIA
PUERTO MONTT,SERVICIOS TURISTICOS MENCION TURISMO AVENTURA
PUERTO MONTT,TECNICO EN ENFERMERIA
PUERTO MONTT,TECNOLOGIA EN ANALISIS QUIMICO
PUERTO MONTT,TRADUCCION INGLES-ESPAÑOL MENCION NEGOCIOS INTERNACIONALES
PUERTO MONTT,TURISMO
PUERTO MONTT,TURISMO MENCION TURISMO AVENTURA
PUNTA ARENAS,ADMINISTRACION DE EMPRESAS
PUNTA ARENAS,ADMINISTRACION DE EMPRESAS MENCION FINANZAS
PUNTA ARENAS,ADMINISTRACION DE EMPRESAS MENCION GESTION DE PERSONAS
PUNTA ARENAS,ADMINISTRACION DE EMPRESAS MENCION MARKETING
PUNTA ARENAS,ADMINISTRACION DE EMPRESAS MENCION PERSONAL
PUNTA ARENAS,ADMINISTRACION DE EMPRESAS TURISTICAS MENCION TURISMO AVENTURA
PUNTA ARENAS,"ADMINISTRACION DE EMPRESAS TURISTICAS, MENCION VIAJES Y TURISMO"
PUNTA ARENAS,ADMINISTRACION GASTRONOMICA INTERNACIONAL
PUNTA ARENAS,ADMINISTRACION TURISTICA INTERNACIONAL
PUNTA ARENAS,ANALISTA PROGRAMADOR
PUNTA ARENAS,ANALISTA PROGRAMADOR MENCION ADMINISTRACION DE BASE DE DATOS
PUNTA ARENAS,ASISTENTE EN EDUCACION DE PARVULOS
PUNTA ARENAS,AUTOMATIZACION Y CONTROL INDUSTRIAL
PUNTA ARENAS,CONECTIVIDAD Y REDES
PUNTA ARENAS,CONSTRUCCION CIVIL
PUNTA ARENAS,CONSTRUCCION CIVIL MENCION OBRAS CIVILES
PUNTA ARENAS,CONTABILIDAD GENERAL
PUNTA ARENAS,CONTADOR AUDITOR
PUNTA ARENAS,DISEÑO EDITORIAL
PUNTA ARENAS,DISEÑO GRAFICO PROFESIONAL
PUNTA ARENAS,DISEÑO WEB & MOBILE
PUNTA ARENAS,DISEÑO Y PRODUCCION GRAFICA
PUNTA ARENAS,EDIFICACION
PUNTA ARENAS,ELECTRICIDAD INDUSTRIAL MENCION INSTALACIONES ELECTRICAS
PUNTA ARENAS,ELECTRICIDAD INDUSTRIAL MENCION PROYECTOS ELECTRICOS
PUNTA ARENAS,GASTRONOMIA INTERNACIONAL
PUNTA ARENAS,INGENIERIA CIVIL INFORMATICA
PUNTA ARENAS,INGENIERIA COMERCIAL
PUNTA ARENAS,INGENIERIA COMERCIAL (PLAN ESPECIAL CONTADOR AUDITOR)
PUNTA ARENAS,INGENIERIA COMERCIAL (PLAN ESPECIAL INGENIERIA EN NEGOCIOS INTERNACIONALES)
PUNTA ARENAS,INGENIERIA EN ADMINISTRACION DE EMPRESAS MENCION FINANZAS
PUNTA ARENAS,INGENIERIA EN ADMINISTRACION DE EMPRESAS MENCION GESTION DE PERSONAS
PUNTA ARENAS,INGENIERIA EN ADMINISTRACION DE EMPRESAS MENCION MARKETING
PUNTA ARENAS,INGENIERIA EN ADMINISTRACION DE EMPRESAS MENCION PERSONAL
PUNTA ARENAS,INGENIERIA EN INFORMATICA
PUNTA ARENAS,INGENIERIA EN MAQUINARIA Y VEHICULOS AUTOMOTRICES
PUNTA ARENAS,"INGENIERIA EN MAQUINARIA, VEHICULOS AUTOMOTRICES Y SISTEMAS ELECTRONICOS"
PUNTA ARENAS,INGENIERIA EN NEGOCIOS INTERNACIONALES
PUNTA ARENAS,"INGENIERIA EN PREVENCION DE RIESGOS, CALIDAD Y AMBIENTE"
PUNTA ARENAS,INGENIERIA INDUSTRIAL
PUNTA ARENAS,INGENIERIA MECANICA EN MANTENIMIENTO INDUSTRIAL
PUNTA ARENAS,LOGISTICA Y OPERACIONES INDUSTRIALES
PUNTA ARENAS,MANTENIMIENTO INDUSTRIAL
PUNTA ARENAS,MECANICA AUTOMOTRIZ
PUNTA ARENAS,MECANICA AUTOMOTRIZ EN SISTEMAS ELECTRONICOS
PUNTA ARENAS,PEDAGOGIA TECNICO PROFESIONAL MENCION INFORMATICA
PUNTA ARENAS,PLAN ESPECIAL DE LICENCIATURA EN PSICOPEDAGOGIA
PUNTA ARENAS,PREVENCION DE RIESGOS
PUNTA ARENAS,PROGRAMADOR DE APLICACIONES COMPUTACIONALES
PUNTA ARENAS,PROGRAMADOR DE APLICACIONES COMPUTACIONALES MENCION VISUAL BASIC.NET-JAVA
PUNTA ARENAS,PSICOPEDAGOGIA
PUNTA ARENAS,SERVICIOS TURISTICOS MENCION TURISMO AVENTURA
PUNTA ARENAS,SERVICIOS TURISTICOS MENCION VIAJES Y TURISMO
PUNTA ARENAS,TECNICO EN ENFERMERIA
PUNTA ARENAS,"TELECOMUNICACIONES, CONECTIVIDAD Y REDES"
PUNTA ARENAS,TRABAJO SOCIAL
PUNTA ARENAS,TURISMO
PUNTA ARENAS,TURISMO MENCION TURISMO AVENTURA
PUNTA ARENAS,TURISMO MENCION VIAJES Y TURISMO
RANCAGUA,ADMINISTRACION DE EMPRESAS
RANCAGUA,ADMINISTRACION DE EMPRESAS MENCION FINANZAS
RANCAGUA,ADMINISTRACION DE EMPRESAS MENCION GESTION DE PERSONAS
RANCAGUA,ADMINISTRACION DE EMPRESAS MENCION MARKETING
RANCAGUA,ADMINISTRACION DE EMPRESAS MENCION PERSONAL
RANCAGUA,ADMINISTRACION INDUSTRIAL
RANCAGUA,ANALISTA PROGRAMADOR
RANCAGUA,ASISTENTE JURIDICO
RANCAGUA,AUTOMATIZACION Y CONTROL INDUSTRIAL
RANCAGUA,CONSTRUCCION CIVIL
RANCAGUA,CONTABILIDAD GENERAL
RANCAGUA,CONTADOR AUDITOR
RANCAGUA,DISEÑO EDITORIAL
RANCAGUA,DISEÑO GRAFICO PROFESIONAL
RANCAGUA,DISEÑO Y PRODUCCION GRAFICA
RANCAGUA,EDIFICACION
RANCAGUA,ELECTRICIDAD INDUSTRIAL MENCION ELECTROMECANICA
RANCAGUA,ELECTROMECANICA
RANCAGUA,ELECTRONICA INDUSTRIAL
RANCAGUA,ENFERMERIA
RANCAGUA,GASTRONOMIA INTERNACIONAL
RANCAGUA,INGENIERIA AGRICOLA
RANCAGUA,"INGENIERIA AGRICOLA MENCION CULTIVOS, FRUTALES Y VIDES"
RANCAGUA,INGENIERIA CIVIL INFORMATICA
RANCAGUA,INGENIERIA COMERCIAL
RANCAGUA,INGENIERIA COMERCIAL (PLAN ESPECIAL CONTADOR AUDITOR)
RANCAGUA,INGENIERIA EN ADMINISTRACION DE EMPRESAS MENCION FINANZAS
RANCAGUA,INGENIERIA EN ADMINISTRACION DE EMPRESAS MENCION GESTION DE PERSONAS
RANCAGUA,INGENIERIA EN ADMINISTRACION DE EMPRESAS MENCION MARKETING
RANCAGUA,INGENIERIA EN ADMINISTRACION DE EMPRESAS MENCION MARKETING Y VENTAS
RANCAGUA,INGENIERIA EN ADMINISTRACION DE EMPRESAS MENCION PERSONAL
RANCAGUA,INGENIERIA EN ADMINISTRACION DE OPERACIONES
RANCAGUA,INGENIERIA EN ADMINISTRACION INDUSTRIAL
RANCAGUA,INGENIERIA EN ADMINISTRACION INDUSTRIAL MENCION PROCESOS PRODUCTIVOS
RANCAGUA,INGENIERIA EN AUTOMATIZACION Y CONTROL INDUSTRIAL
RANCAGUA,INGENIERIA EN CONSTRUCCION
RANCAGUA,INGENIERIA EN GESTION DE CALIDAD Y AMBIENTE
RANCAGUA,INGENIERIA EN INFORMATICA
RANCAGUA,INGENIERIA EN MAQUINARIA Y VEHICULOS AUTOMOTRICES
RANCAGUA,"INGENIERIA EN MAQUINARIA, VEHICULOS AUTOMOTRICES Y SISTEMAS ELECTRONICOS"
RANCAGUA,INGENIERIA EN PREVENCION DE RIESGOS
RANCAGUA,"INGENIERIA EN PREVENCION DE RIESGOS, CALIDAD Y AMBIENTE"
RANCAGUA,INGENIERIA INDUSTRIAL
RANCAGUA,INGENIERIA MECANICA EN MANTENIMIENTO INDUSTRIAL
RANCAGUA,"LABORATORISTA CLINICO, BANCO DE SANGRE E IMAGENOLOGIA"
RANCAGUA,LOGISTICA Y OPERACIONES INDUSTRIALES
RANCAGUA,MANTENIMIENTO INDUSTRIAL
RANCAGUA,MECANICA AUTOMOTRIZ
RANCAGUA,MECANICA AUTOMOTRIZ EN SISTEMAS ELECTRONICOS
RANCAGUA,PREPARADOR FISICO
RANCAGUA,PREVENCION DE RIESGOS
RANCAGUA,PROGRAMADOR DE APLICACIONES COMPUTACIONALES
RANCAGUA,PSICOPEDAGOGIA
RANCAGUA,SERVICIO SOCIAL
RANCAGUA,TECNICO EN ENFERMERIA
RANCAGUA,TECNOLOGIA AGRICOLA
RANCAGUA,"TECNOLOGIA AGRICOLA MENCION CULTIVOS, FRUTALES Y VIDES"
RANCAGUA,TECNOLOGIA EN VITIVINICULTURA
RANCAGUA,TRABAJO SOCIAL
RANCAGUA,TURISMO MENCION VIAJES Y TURISMO
RENCA,ADMINISTRACION DE EMPRESAS
RENCA,ADMINISTRACION DE EMPRESAS MENCION FINANZAS
RENCA,ADMINISTRACION DE EMPRESAS MENCION GESTION DE PERSONAS
RENCA,ADMINISTRACION DE EMPRESAS MENCION MARKETING
RENCA,ANALISTA PROGRAMADOR
RENCA,AUTOMATIZACION Y CONTROL INDUSTRIAL
RENCA,COMERCIO EXTERIOR
RENCA,CONSTRUCCION CIVIL
RENCA,CONSTRUCCION CIVIL MENCION EDIFICACION
RENCA,CONSTRUCCION CIVIL MENCION OBRAS CIVILES
RENCA,CONSTRUCCIONCIVILMENCIONEDIFICACION
RENCA,CONTABILIDAD GENERAL
RENCA,CONTADOR AUDITOR
RENCA,DIBUJO DE PROYECTOS DE ARQUITECTURA E INGENIERIA
RENCA,DISEÑO Y PROGRAMACION MULTIMEDIA
RENCA,EDIFICACION
RENCA,ELECTRICIDAD INDUSTRIAL MENCION INSTALACIONES ELECTRICAS
RENCA,ELECTRICIDAD INDUSTRIAL MENCION PROYECTOS ELECTRICOS
RENCA,ELECTROMECANICA
RENCA,ELECTRONICA INDUSTRIAL
RENCA,FABRICACION Y MONTAJE INDUSTRIAL
RENCA,GAS E INSTALACIONES SANITARIAS
RENCA,INGENIERIA CIVIL EN ELECTRICIDAD
RENCA,INGENIERIA CIVIL EN ELECTRICIDAD MENCION SISTEMAS DE DISTRIBUCION
RENCA,INGENIERIA CIVIL EN ELECTRICIDAD MENCION SISTEMAS ELECTRONICOS
RENCA,INGENIERIA ELECTRONICA
RENCA,INGENIERIA EN ADMINISTRACION DE EMPRESAS MENCION FINANZAS
RENCA,INGENIERIA EN ADMINISTRACION DE EMPRESAS MENCION GESTION DE PERSONAS
RENCA,INGENIERIA EN ADMINISTRACION DE EMPRESAS MENCION MARKETING
RENCA,INGENIERIA EN AUTOMATIZACION Y CONTROL INDUSTRIAL
RENCA,INGENIERIA EN CONSTRUCCION
RENCA,INGENIERIA EN ELECTRICIDAD MENCION PROYECTOS DE INSTALACIONES ELECTRICAS
RENCA,INGENIERIA EN ELECTRICIDAD PROYECTOS DE INSTALACIONES ELECTRICAS
RENCA,INGENIERIA EN ELECTRONICA
RENCA,INGENIERIA EN ELECTRONICA ELECTRONICA INDUSTRIAL
RENCA,INGENIERIA EN INFORMATICA
RENCA,INGENIERIA EN MAQUINARIA PESADA Y VEHICULOS AUTOMOTRICES
RENCA,INGENIERIA EN MAQUINARIA Y VEHICULOS AUTOMOTRICES
RENCA,"INGENIERIA EN MAQUINARIA, VEHICULOS AUTOMOTRICES Y SISTEMAS ELECTRONICOS"
RENCA,INGENIERIA EN MINAS
RENCA,"INGENIERIA EN PREVENCION DE RIESGOS, CALIDAD Y AMBIENTE"
RENCA,INGENIERIA EN QUIMICA INDUSTRIAL
RENCA,"INGENIERIA EN TELECOMUNICACIONES, CONECTIVIDAD Y REDES"
RENCA,INGENIERIA INDUSTRIAL
RENCA,INGENIERO CONSTRUCTOR
RENCA,LOGISTICA
RENCA,LOGISTICA Y OPERACIONES INDUSTRIALES
RENCA,MANTENIMIENTO INDUSTRIAL
RENCA,MECANICA AUTOMOTRIZ
RENCA,MECANICA AUTOMOTRIZ EN MAQUINARIA PESADA
RENCA,MECANICA AUTOMOTRIZ EN SISTEMAS ELECTRONICOS
RENCA,PREVENCION DE RIESGOS
RENCA,PROGRAMADOR DE APLICACIONES COMPUTACIONALES
RENCA,TECNICO EN MANTENIMIENTO Y REPARACION DE MAQUINARIA PESADA
RENCA,TECNICO EN MINERIA
RENCA,TECNOLOGIA EN ANALISIS QUIMICO
RENCA,TECNOLOGIA EN MINERIA
RENCA,"TELECOMUNICACIONES, CONECTIVIDAD Y REDES"
SANTIAGO,ADMINISTRACION DE EMPRESAS
SANTIAGO,ADMINISTRACION DE EMPRESAS MENCION FINANZAS
SANTIAGO,ADMINISTRACION DE EMPRESAS MENCION GESTION DE PERSONAS
SANTIAGO,ADMINISTRACION DE EMPRESAS MENCION MARKETING
SANTIAGO,ADMINISTRACION DE EMPRESAS MENCION PERSONAL
SANTIAGO,ADMINISTRACIONDEEMPRESASMENCIONGESTIONDEPERSONAS
SANTIAGO,ANALISTA PROGRAMADOR
SANTIAGO,ASISTENTE EN EDUCACION DE PARVULOS
SANTIAGO,ASISTENTE JURIDICO
SANTIAGO,COMERCIO EXTERIOR
SANTIAGO,CONTABILIDAD GENERAL
SANTIAGO,CONTADOR AUDITOR
SANTIAGO,HIGIENISTA DENTAL
SANTIAGO,INGENIERIA COMERCIAL
SANTIAGO,INGENIERIA EN ADMINISTRACION DE EMPRESAS MENCION FINANZAS
SANTIAGO,INGENIERIA EN ADMINISTRACION DE EMPRESAS MENCION GESTION DE PERSONAS
SANTIAGO,INGENIERIA EN ADMINISTRACION DE EMPRESAS MENCION MARKETING
SANTIAGO,INGENIERIA EN ADMINISTRACION DE EMPRESAS MENCION MARKETING Y VENTAS
SANTIAGO,INGENIERIA EN ADMINISTRACION DE EMPRESAS MENCION PERSONAL
SANTIAGO,INGENIERIA EN ADMINISTRACION INDUSTRIAL MENCION LOGISTICA
SANTIAGO,INGENIERIA EN COMERCIO EXTERIOR
SANTIAGO,INGENIERIA EN INFORMATICA
SANTIAGO,INGENIERIA EN LOGISTICA
SANTIAGO,INGENIERIA EN NEGOCIOS INTERNACIONALES
SANTIAGO,"INGENIERIA EN TELECOMUNICACIONES, CONECTIVIDAD Y REDES"
SANTIAGO,"LABORATORISTA CLINICO, BANCO DE SANGRE E IMAGENOLOGIA"
SANTIAGO,LOGISTICA
SANTIAGO,PEDAGOGIA TECNICO PROFESIONAL MENCION CONTABILIDAD
SANTIAGO,PEDAGOGIA TECNICO PROFESIONAL MENCION INFORMATICA
SANTIAGO,PROGRAMADOR DE APLICACIONES COMPUTACIONALES
SANTIAGO,PSICOPEDAGOGIA
SANTIAGO,SOPORTE COMPUTACIONAL
SANTIAGO,TECNICO EN ENFERMERIA
SANTIAGO,TECNICO EN ENFERMERIA MENCION DIALISIS
SANTIAGO,TECNICO EN ENFERMERIA MENCION INSTRUMENTISTA QUIRURGICO
SANTIAGO,TECNICO EN FARMACIA
SANTIAGO,TECNICO EN ODONTOLOGIA
SANTIAGO,"TELECOMUNICACIONES, CONECTIVIDAD Y REDES"
SANTIAGO,TRADUCCION E INTERPRETE INGLES-ESPAÑOL
SANTIAGO,TRADUCCION INGLES-ESPAÑOL MENCION NEGOCIOS INTERNACIONALES
TALCA,ADMINISTRACION DE EMPRESAS
TALCA,ADMINISTRACION DE EMPRESAS MENCION FINANZAS
TALCA,ADMINISTRACION GASTRONOMICA INTERNACIONAL
TALCA,ANALISTA PROGRAMADOR
TALCA,COMERCIO EXTERIOR
TALCA,CONSTRUCCION CIVIL
TALCA,CONSTRUCCION CIVIL MENCION EDIFICACION
TALCA,CONTABILIDAD GENERAL
TALCA,CONTADOR AUDITOR
TALCA,EDIFICACION
TALCA,ELECTRICIDAD INDUSTRIAL MENCION INSTALACIONES ELECTRICAS
TALCA,ELECTRICIDAD INDUSTRIAL MENCION PROYECTOS ELECTRICOS
TALCA,GASTRONOMIA INTERNACIONAL
TALCA,INGENIERIA AGRICOLA
TALCA,INGENIERIA COMERCIAL
TALCA,INGENIERIA EN ADMINISTRACION DE EMPRESAS MENCION FINANZAS
TALCA,INGENIERIA EN ADMINISTRACION DE EMPRESAS MENCION MARKETING Y VENTAS
TALCA,INGENIERIA EN CONSTRUCCION
TALCA,INGENIERIA EN ELECTRICIDAD MENCION PROYECTOS DE INSTALACIONES ELECTRICAS
TALCA,INGENIERIA EN GEOMENSURA
TALCA,INGENIERIA EN INFORMATICA
TALCA,INGENIERIA EN MAQUINARIA Y VEHICULOS AUTOMOTRICES
TALCA,"INGENIERIA EN MAQUINARIA, VEHICULOS AUTOMOTRICES Y SISTEMAS ELECTRONICOS"
TALCA,INGENIERIA EN PREVENCION DE RIESGOS
TALCA,"INGENIERIA EN PREVENCION DE RIESGOS, CALIDAD Y AMBIENTE"
TALCA,INGENIERIA INDUSTRIAL
TALCA,INGENIERIA MECANICA EN MANTENIMIENTO INDUSTRIAL
TALCA,LOGISTICA Y OPERACIONES INDUSTRIALES
TALCA,MANTENIMIENTO INDUSTRIAL
TALCA,MECANICA AUTOMOTRIZ EN MAQUINARIA PESADA
TALCA,MECANICA AUTOMOTRIZ EN SISTEMAS ELECTRONICOS
TALCA,PREVENCION DE RIESGOS
TALCA,PSICOPEDAGOGIA
TALCA,SERVICIO SOCIAL
TALCA,TECNICO EN ENFERMERIA
TALCA,TECNOLOGIA AGRICOLA
TALCA,TECNOLOGIA EN VITIVINICULTURA
TALCA,"TELECOMUNICACIONES, CONECTIVIDAD Y REDES"
TALCA,TOPOGRAFIA
TALCA,TRABAJO SOCIAL
TALCAHUANO,ADMINISTRACION DE EMPRESAS
TALCAHUANO,ADMINISTRACION DE EMPRESAS MENCION FINANZAS
TALCAHUANO,ADMINISTRACION DE EMPRESAS MENCION MARKETING
TALCAHUANO,ADMINISTRACION DE EMPRESAS TURISTICAS MENCION TURISMO AVENTURA
TALCAHUANO,"ADMINISTRACION DE EMPRESAS TURISTICAS, MENCION VIAJES Y TURISMO"
TALCAHUANO,ADMINISTRACION DE HOTELES Y RESTAURANTES
TALCAHUANO,ADMINISTRACION EN ALIMENTACION COLECTIVA
TALCAHUANO,ADMINISTRACION GASTRONOMICA INTERNACIONAL
TALCAHUANO,ADMINISTRACION HOTELERA INTERNACIONAL
TALCAHUANO,ADMINISTRACION INDUSTRIAL
TALCAHUANO,ANALISTA PROGRAMADOR
TALCAHUANO,AUTOMATIZACION Y CONTROL INDUSTRIAL
TALCAHUANO,BIOTECNOLOGIA INDUSTRIAL
TALCAHUANO,CLIMATIZACION
TALCAHUANO,COMERCIO EXTERIOR
TALCAHUANO,CONECTIVIDAD Y REDES
TALCAHUANO,CONSTRUCCION CIVIL
TALCAHUANO,CONSTRUCCION CIVIL MENCION EDIFICACION
TALCAHUANO,CONTABILIDAD GENERAL
TALCAHUANO,CONTADOR AUDITOR
TALCAHUANO,DIBUJO DE PROYECTOS DE ARQUITECTURA E INGENIERIA
TALCAHUANO,DISEÑO EDITORIAL
TALCAHUANO,DISEÑO GRAFICO PROFESIONAL
TALCAHUANO,DISEÑO Y PRODUCCION GRAFICA
TALCAHUANO,EDIFICACION
TALCAHUANO,ELECTRICIDAD INDUSTRIAL MENCION ELECTROMECANICA
TALCAHUANO,ELECTRICIDAD INDUSTRIAL MENCION INSTALACIONES ELECTRICAS
TALCAHUANO,ELECTROMECANICA
TALCAHUANO,ELECTRONICA INDUSTRIAL
TALCAHUANO,FABRICACION Y MONTAJE INDUSTRIAL
TALCAHUANO,GASTRONOMIA INTERNACIONAL
TALCAHUANO,GESTION Y CONTROL DE CALIDAD
TALCAHUANO,HOTELERIA INTERNACIONAL
TALCAHUANO,HOTELERIA Y SERVICIOS
TALCAHUANO,HOTELES Y RESTAURANTES
TALCAHUANO,INGENIERIA CIVIL INFORMATICA
TALCAHUANO,INGENIERIA COMERCIAL
TALCAHUANO,INGENIERIA ELECTRONICA
TALCAHUANO,INGENIERIA EN ADMINISTRACION DE EMPRESAS MENCION FINANZAS
TALCAHUANO,INGENIERIA EN ADMINISTRACION DE EMPRESAS MENCION GESTION DE PERSONAS
TALCAHUANO,INGENIERIA EN ADMINISTRACION DE EMPRESAS MENCION MARKETING
TALCAHUANO,INGENIERIA EN ADMINISTRACION DE EMPRESAS MENCION MARKETING Y VENTAS
TALCAHUANO,INGENIERIA EN AUTOMATIZACION Y CONTROL INDUSTRIAL
TALCAHUANO,INGENIERIA EN CIBERSEGURIDAD
TALCAHUANO,INGENIERIA EN CONSTRUCCION
TALCAHUANO,INGENIERIA EN ELECTRICIDAD MENCION POTENCIA
TALCAHUANO,INGENIERIA EN ELECTRICIDAD MENCION PROYECTOS DE INSTALACIONES ELECTRICAS
TALCAHUANO,INGENIERIA EN GEOMENSURA
TALCAHUANO,INGENIERIA EN INFORMATICA
TALCAHUANO,INGENIERIA EN MANTENIMIENTO INDUSTRIAL
TALCAHUANO,INGENIERIA EN MANUFACTURA INDUSTRIAL METALMECANICA
TALCAHUANO,INGENIERIA EN MAQUINARIA Y VEHICULOS AUTOMOTRICES
TALCAHUANO,"INGENIERIA EN MAQUINARIA, VEHICULOS AUTOMOTRICES Y SISTEMAS ELECTRONICOS"
TALCAHUANO,"INGENIERIA EN PREVENCION DE RIESGOS, CALIDAD Y AMBIENTE"
TALCAHUANO,"INGENIERIA EN TELECOMUNICACIONES, CONECTIVIDAD Y REDES"
TALCAHUANO,INGENIERIA INDUSTRIAL
TALCAHUANO,INGENIERIA MECANICA EN MANTENIMIENTO INDUSTRIAL
TALCAHUANO,INGENIERIA MECANICA EN PRODUCCION INDUSTRIAL
TALCAHUANO,INGENIERO CONSTRUCTOR
TALCAHUANO,"LABORATORISTA CLINICO, BANCO DE SANGRE E IMAGENOLOGIA"
TALCAHUANO,LOGISTICA Y OPERACIONES INDUSTRIALES
TALCAHUANO,MANTENIMIENTO INDUSTRIAL
TALCAHUANO,MECANICA AUTOMOTRIZ
TALCAHUANO,MECANICA AUTOMOTRIZ EN SISTEMAS ELECTRONICOS
TALCAHUANO,MECANICA EN PRODUCCION INDUSTRIAL
TALCAHUANO,NUTRICION Y DIETETICA
TALCAHUANO,PREPARADOR FISICO
TALCAHUANO,PREVENCION DE RIESGOS
TALCAHUANO,PROGRAMADOR DE APLICACIONES COMPUTACIONALES
TALCAHUANO,PSICOPEDAGOGIA
TALCAHUANO,REFRIGERACION
TALCAHUANO,SERVICIO SOCIAL
TALCAHUANO,SERVICIOS TURISTICOS MENCION TURISMO AVENTURA
TALCAHUANO,SERVICIOS TURISTICOS MENCION VIAJES Y TURISMO
TALCAHUANO,SOPORTE COMPUTACIONAL
TALCAHUANO,TECNICO EN ENFERMERIA
TALCAHUANO,TECNICO EN ODONTOLOGIA
TALCAHUANO,"TELECOMUNICACIONES, CONECTIVIDAD Y REDES"
TALCAHUANO,TOPOGRAFIA
TALCAHUANO,TRABAJO SOCIAL
TALCAHUANO,TRADUCCION E INTERPRETE INGLES-ESPAÑOL
TALCAHUANO,TRADUCCION INGLES-ESPAÑOL MENCION NEGOCIOS INTERNACIONALES
TALCAHUANO,TURISMO
TALCAHUANO,TURISMO MENCION TURISMO AVENTURA
TALCAHUANO,TURISMO MENCION VIAJES Y TURISMO
TEMUCO,ADMINISTRACION DE EMPRESAS
TEMUCO,ADMINISTRACION DE EMPRESAS MENCION FINANZAS
TEMUCO,ADMINISTRACION DE EMPRESAS MENCION MARKETING
TEMUCO,ADMINISTRACION DE EMPRESAS TURISTICAS MENCION TURISMO AVENTURA
TEMUCO,"ADMINISTRACION DE EMPRESAS TURISTICAS, MENCION VIAJES Y TURISMO"
TEMUCO,ADMINISTRACION DE HOTELES Y RESTAURANTES
TEMUCO,ADMINISTRACION EN HOTELERIA Y SERVICIOS
TEMUCO,ADMINISTRACION GASTRONOMICA INTERNACIONAL
TEMUCO,ADMINISTRACION HOTELERA INTERNACIONAL
TEMUCO,ADMINISTRACION TURISTICA INTERNACIONAL
TEMUCO,ANALISTA PROGRAMADOR
TEMUCO,ASISTENTE JURIDICO
TEMUCO,AUTOMATIZACION Y CONTROL INDUSTRIAL
TEMUCO,CONSTRUCCION CIVIL
TEMUCO,CONSTRUCCION CIVIL MENCION EDIFICACION
TEMUCO,CONSTRUCCION CIVIL MENCION OBRAS CIVILES
TEMUCO,DISEÑO DE MODA
TEMUCO,DISEÑO DE VESTUARIO
TEMUCO,DISEÑO EDITORIAL
TEMUCO,DISEÑO GRAFICO PROFESIONAL
TEMUCO,DISEÑO Y PRODUCCION GRAFICA
TEMUCO,EDIFICACION
TEMUCO,ELECTRICIDAD INDUSTRIAL MENCION INSTALACIONES ELECTRICAS
TEMUCO,GASTRONOMIA INTERNACIONAL
TEMUCO,HIGIENISTA DENTAL
TEMUCO,HOTELERIA INTERNACIONAL
TEMUCO,HOTELERIA Y SERVICIOS
TEMUCO,HOTELES Y RESTAURANTES
TEMUCO,INGENIERIA AGRICOLA
TEMUCO,"INGENIERIA AGRICOLA MENCION CULTIVOS, FRUTALES Y VIDES"
TEMUCO,INGENIERIA AGRICOLA MENCION GANADERIA
TEMUCO,INGENIERIA CIVIL INFORMATICA
TEMUCO,INGENIERIA COMERCIAL
TEMUCO,INGENIERIA EN ADMINISTRACION DE EMPRESAS MARKETING
TEMUCO,INGENIERIA EN ADMINISTRACION DE EMPRESAS MENCION FINANZAS
TEMUCO,INGENIERIA EN ADMINISTRACION DE EMPRESAS MENCION MARKETING
TEMUCO,INGENIERIA EN ADMINISTRACION DE EMPRESAS MENCION MARKETING Y VENTAS
TEMUCO,INGENIERIA EN AUTOMATIZACION Y CONTROL INDUSTRIAL
TEMUCO,INGENIERIA EN CONSTRUCCION
TEMUCO,INGENIERIA EN ELECTRICIDAD MENCION POTENCIA
TEMUCO,INGENIERIA EN GEOMENSURA
TEMUCO,INGENIERIA EN GESTION FORESTAL
TEMUCO,INGENIERIA EN INFORMATICA
TEMUCO,INGENIERIA EN MAQUINARIA Y VEHICULOS AUTOMOTRICES
TEMUCO,"INGENIERIA EN MAQUINARIA, VEHICULOS AUTOMOTRICES Y SISTEMAS ELECTRONICOS"
TEMUCO,INGENIERIA EN PREVENCION DE RIESGOS
TEMUCO,"INGENIERIA EN PREVENCION DE RIESGOS, CALIDAD Y AMBIENTE"
TEMUCO,INGENIERIA EN PRODUCCION GANADERA
TEMUCO,"INGENIERIA EN TELECOMUNICACIONES, CONECTIVIDAD Y REDES"
TEMUCO,INGENIERIA INDUSTRIAL
TEMUCO,INGENIERO CONSTRUCTOR
TEMUCO,LOGISTICA Y OPERACIONES INDUSTRIALES
TEMUCO,MECANICA AUTOMOTRIZ
TEMUCO,MECANICA AUTOMOTRIZ EN SISTEMAS ELECTRONICOS
TEMUCO,PAISAJISMO
TEMUCO,PEDAGOGIA TECNICO PROFESIONAL MENCION INFORMATICA
TEMUCO,PREPARADOR FISICO
TEMUCO,PREVENCION DE RIESGOS
TEMUCO,PROGRAMADOR DE APLICACIONES COMPUTACIONALES
TEMUCO,PUBLICIDAD
TEMUCO,SERVICIO SOCIAL
TEMUCO,SERVICIOS TURISTICOS MENCION TURISMO AVENTURA
TEMUCO,SERVICIOS TURISTICOS MENCION VIAJES Y TURISMO
TEMUCO,TECNICO EN ENFERMERIA
TEMUCO,TECNICO EN ENFERMERIA MENCION INSTRUMENTISTA QUIRURGICO
TEMUCO,TECNICO EN ODONTOLOGIA
TEMUCO,TECNOLOGIA AGRICOLA
TEMUCO,TECNOLOGIA AGRICOLA MENCION CULTIVOS Y GANADERIA
TEMUCO,"TECNOLOGIA AGRICOLA MENCION CULTIVOS, FRUTALES Y VIDES"
TEMUCO,TECNOLOGIA EN PRODUCCION GANADERA
TEMUCO,TECNOLOGIA EN PRODUCCION PECUARIA MENCION BOVINOS
TEMUCO,TECNOLOGIA FORESTAL
TEMUCO,TECNOLOGIA PECUARIA
TEMUCO,"TELECOMUNICACIONES, CONECTIVIDAD Y REDES"
TEMUCO,TOPOGRAFIA
TEMUCO,TRABAJO SOCIAL
TEMUCO,TRADUCCION E INTERPRETE INGLES-ESPAÑOL
TEMUCO,TRADUCCION INGLES-ESPAÑOL MENCION NEGOCIOS INTERNACIONALES
TEMUCO,TURISMO
TEMUCO,TURISMO MENCION TURISMO AVENTURA
TEMUCO,TURISMO MENCION VIAJES Y TURISMO
VALDIVIA,ADMINISTRACION DE EMPRESAS
VALDIVIA,ADMINISTRACION DE EMPRESAS MENCION FINANZAS
VALDIVIA,ADMINISTRACION DE EMPRESAS MENCION MARKETING
VALDIVIA,ADMINISTRACION DE HOTELES Y RESTAURANTES
VALDIVIA,ADMINISTRACION EN HOTELERIA Y SERVICIOS
VALDIVIA,ADMINISTRACION GASTRONOMICA INTERNACIONAL
VALDIVIA,ADMINISTRACION HOTELERA INTERNACIONAL
VALDIVIA,ANALISTA PROGRAMADOR
VALDIVIA,AUTOMATIZACION Y CONTROL INDUSTRIAL
VALDIVIA,BIOTECNOLOGIA INDUSTRIAL
VALDIVIA,CONSTRUCCION CIVIL
VALDIVIA,CONSTRUCCION CIVIL MENCION EDIFICACION
VALDIVIA,CONTABILIDAD GENERAL
VALDIVIA,CONTADOR AUDITOR
VALDIVIA,EDIFICACION
VALDIVIA,ELECTRICIDAD INDUSTRIAL MENCION ELECTROMECANICA
VALDIVIA,ELECTRICIDAD INDUSTRIAL MENCION INSTALACIONES ELECTRICAS
VALDIVIA,ELECTRICIDAD INDUSTRIAL MENCION PROYECTOS ELECTRICOS
VALDIVIA,ELECTROMECANICA
VALDIVIA,GASTRONOMIA INTERNACIONAL
VALDIVIA,HOTELERIA INTERNACIONAL
VALDIVIA,HOTELERIA Y SERVICIOS
VALDIVIA,HOTELES Y RESTAURANTES
VALDIVIA,INGENIERIA AGRICOLA MENCION GANADERIA
VALDIVIA,INGENIERIA CIVIL INFORMATICA
VALDIVIA,INGENIERIA COMERCIAL
VALDIVIA,INGENIERIA EN ADMINISTRACION DE EMPRESAS MENCION FINANZAS
VALDIVIA,INGENIERIA EN ADMINISTRACION DE EMPRESAS MENCION MARKETING
VALDIVIA,INGENIERIA EN ADMINISTRACION DE EMPRESAS MENCION MARKETING Y VENTAS
VALDIVIA,INGENIERIA EN AUTOMATIZACION Y CONTROL INDUSTRIAL
VALDIVIA,INGENIERIA EN CONSTRUCCION
VALDIVIA,INGENIERIA EN ELECTRICIDAD MENCION PROYECTOS DE INSTALACIONES ELECTRICAS
VALDIVIA,INGENIERIA EN INFORMATICA
VALDIVIA,INGENIERIA EN MANTENIMIENTO INDUSTRIAL
VALDIVIA,INGENIERIA EN MAQUINARIA Y VEHICULOS AUTOMOTRICES
VALDIVIA,"INGENIERIA EN MAQUINARIA, VEHICULOS AUTOMOTRICES Y SISTEMAS ELECTRONICOS"
VALDIVIA,"INGENIERIA EN PREVENCION DE RIESGOS, CALIDAD Y AMBIENTE"
VALDIVIA,INGENIERIA EN PRODUCCION GANADERA
VALDIVIA,"INGENIERIA EN TELECOMUNICACIONES, CONECTIVIDAD Y REDES"
VALDIVIA,INGENIERIA MECANICA EN MANTENIMIENTO INDUSTRIAL
VALDIVIA,MANTENIMIENTO INDUSTRIAL
VALDIVIA,MECANICA AUTOMOTRIZ
VALDIVIA,MECANICA AUTOMOTRIZ EN SISTEMAS ELECTRONICOS
VALDIVIA,PREVENCION DE RIESGOS
VALDIVIA,PROGRAMADOR DE APLICACIONES COMPUTACIONALES
VALDIVIA,PSICOPEDAGOGIA
VALDIVIA,SERVICIO SOCIAL
VALDIVIA,TECNICO EN ENFERMERIA
VALDIVIA,TECNICO EN FARMACIA
VALDIVIA,TECNOLOGIA EN PRODUCCION GANADERA
VALDIVIA,TECNOLOGIA PECUARIA
VALDIVIA,"TELECOMUNICACIONES, CONECTIVIDAD Y REDES"
VALDIVIA,TOPOGRAFIA
VALDIVIA,TRABAJO SOCIAL
VALPARAISO,ADMINISTRACION DE EMPRESAS
VALPARAISO,ADMINISTRACION DE EMPRESAS MENCION FINANZAS
VALPARAISO,ADMINISTRACION DE EMPRESAS MENCION GESTION DE PERSONAS
VALPARAISO,ADMINISTRACION DE EMPRESAS MENCION MARKETING
VALPARAISO,ADMINISTRACION DE HOTELES Y RESTAURANTES
VALPARAISO,ADMINISTRACION EN ALIMENTACION COLECTIVA
VALPARAISO,ADMINISTRACION EN HOTELERIA Y SERVICIOS
VALPARAISO,ADMINISTRACION GASTRONOMICA INTERNACIONAL
VALPARAISO,ADMINISTRACION HOTELERA INTERNACIONAL
VALPARAISO,ADMINISTRACIONDEEMPRESASMENCIONGESTIONDEPERSONAS
VALPARAISO,ADMINISTRACIONDEEMPRESASMENCIONMARKETING
VALPARAISO,ANALISTA PROGRAMADOR
VALPARAISO,ASISTENTE EN EDUCACION DE PARVULOS
VALPARAISO,ASISTENTE EN ODONTOLOGIA
VALPARAISO,ASISTENTE JURIDICO
VALPARAISO,AUTOMATIZACION Y CONTROL INDUSTRIAL
VALPARAISO,COCINA INTERNACIONAL
VALPARAISO,COMERCIO EXTERIOR
VALPARAISO,CONECTIVIDAD Y REDES
VALPARAISO,CONSTRUCCION CIVIL
VALPARAISO,CONSTRUCCION CIVIL MENCION EDIFICACION
VALPARAISO,CONTABILIDAD GENERAL
VALPARAISO,CONTADOR AUDITOR
VALPARAISO,DIBUJO DE PROYECTOS DE ARQUITECTURA E INGENIERIA
VALPARAISO,DISEÑO EDITORIAL
VALPARAISO,DISEÑO GRAFICO PROFESIONAL
VALPARAISO,DISEÑO WEB & MOBILE
VALPARAISO,DISEÑO Y PRODUCCION GRAFICA
VALPARAISO,DISEÑO Y PROGRAMACION MULTIMEDIA
VALPARAISO,EDIFICACION
VALPARAISO,ELECTRICIDAD INDUSTRIAL MENCION INSTALACIONES ELECTRICAS
VALPARAISO,ELECTRONICA INDUSTRIAL
VALPARAISO,GASTRONOMIA INTERNACIONAL
VALPARAISO,HOTELERIA INTERNACIONAL
VALPARAISO,HOTELERIA Y SERVICIOS
VALPARAISO,HOTELES Y RESTAURANTES
VALPARAISO,INGENIERIA CIVIL INFORMATICA
VALPARAISO,INGENIERIA COMERCIAL
VALPARAISO,INGENIERIA EN ADMINISTRACION DE EMPRESAS MENCION FINANZAS
VALPARAISO,INGENIERIA EN ADMINISTRACION DE EMPRESAS MENCION GESTION DE PERSONAS
VALPARAISO,INGENIERIA EN ADMINISTRACION DE EMPRESAS MENCION MARKETING
VALPARAISO,INGENIERIA EN ADMINISTRACION DE EMPRESAS MENCION MARKETING Y VENTAS
VALPARAISO,INGENIERIA EN CIBERSEGURIDAD
VALPARAISO,INGENIERIA EN CONECTIVIDAD Y REDES
VALPARAISO,INGENIERIA EN CONSTRUCCION
VALPARAISO,INGENIERIA EN ELECTRICIDAD MENCION PROYECTOS DE INSTALACIONES ELECTRICAS
VALPARAISO,INGENIERIA EN INFORMATICA
VALPARAISO,INGENIERIA EN MANTENIMIENTO INDUSTRIAL
VALPARAISO,INGENIERIA EN MAQUINARIA Y VEHICULOS AUTOMOTRICES
VALPARAISO,"INGENIERIA EN MAQUINARIA, VEHICULOS AUTOMOTRICES Y SISTEMAS ELECTRONICOS"
VALPARAISO,INGENIERIA EN PREVENCION DE RIESGOS
VALPARAISO,"INGENIERIA EN PREVENCION DE RIESGOS, CALIDAD Y AMBIENTE"
VALPARAISO,"INGENIERIA EN TELECOMUNICACIONES, CONECTIVIDAD Y REDES"
VALPARAISO,INGENIERIA MECANICA EN MANTENIMIENTO INDUSTRIAL
VALPARAISO,MANTENIMIENTO INDUSTRIAL
VALPARAISO,MECANICA AUTOMOTRIZ
VALPARAISO,MECANICA AUTOMOTRIZ EN SISTEMAS ELECTRONICOS
VALPARAISO,NUTRICION Y DIETETICA
VALPARAISO,PREPARADOR FISICO
VALPARAISO,PREVENCION DE RIESGOS
VALPARAISO,PROGRAMADOR DE APLICACIONES COMPUTACIONALES
VALPARAISO,PSICOPEDAGOGIA
VALPARAISO,PUBLICIDAD
VALPARAISO,REFRIGERACION
VALPARAISO,SERVICIO SOCIAL
VALPARAISO,SERVICIOS TURISTICOS MENCION TURISMO AVENTURA
VALPARAISO,SERVICIOS TURISTICOS MENCION VIAJES Y TURISMO
VALPARAISO,TECNICO EN ENFERMERIA
VALPARAISO,TECNICO EN ENFERMERIA MENCION INSTRUMENTISTA QUIRURGICO
VALPARAISO,TECNICO EN FARMACIA
VALPARAISO,TECNICO EN ODONTOLOGIA
VALPARAISO,"TELECOMUNICACIONES, CONECTIVIDAD Y REDES"
VALPARAISO,TRABAJO SOCIAL
VALPARAISO,TURISMO
VALPARAISO,TURISMO MENCION TURISMO AVENTURA
VALPARAISO,TURISMO MENCION VIAJES Y TURISMO
ÑUÑOA,ADMINISTRACION DE EMPRESAS
ÑUÑOA,ADMINISTRACION DE EMPRESAS MENCION FINANZAS
ÑUÑOA,ANALISTA PROGRAMADOR
ÑUÑOA,ARTE-TERAPIA
ÑUÑOA,ARTES VISUALES
ÑUÑOA,CINE
ÑUÑOA,COMUNICACION ESCENICA Y TEATRO
ÑUÑOA,CONTABILIDAD GENERAL
ÑUÑOA,CONTADOR AUDITOR
ÑUÑOA,DIRECCION DE ARTE
ÑUÑOA,DISEÑO DE MODA
ÑUÑOA,DISEÑO DE VESTUARIO
ÑUÑOA,DISEÑO EDITORIAL
ÑUÑOA,DISEÑO GRAFICO PROFESIONAL
ÑUÑOA,DISEÑO TEATRAL
ÑUÑOA,DISEÑO Y PRODUCCION GRAFICA
ÑUÑOA,ELECTRICIDAD INDUSTRIAL MENCION INSTALACIONES ELECTRICAS
ÑUÑOA,ELECTRICIDAD INDUSTRIAL MENCION PROYECTOS ELECTRICOS
ÑUÑOA,FOTOGRAFIA
ÑUÑOA,INGENIERIA CIVIL EN SONIDO Y ACUSTICA
ÑUÑOA,INGENIERIA DE EJECUCION EN SONIDO
ÑUÑOA,INGENIERIA EN ADMINISTRACION DE EMPRESAS MENCION FINANZAS
ÑUÑOA,INGENIERIA EN INFORMATICA
ÑUÑOA,"INGENIERIA EN PREVENCION DE RIESGOS, CALIDAD Y AMBIENTE"
ÑUÑOA,INGENIERIA EN SONIDO
ÑUÑOA,INGENIERIA INDUSTRIAL
ÑUÑOA,LOGISTICA Y OPERACIONES INDUSTRIALES
ÑUÑOA,MUSICO-TERAPIA
ÑUÑOA,PEDAGOGIA EN ARTE Y DISEÑO
ÑUÑOA,PEDAGOGIA EN ARTES MUSICALES
ÑUÑOA,PEDAGOGIA EN EDUCACION MEDIA CON MENCION EN ARTES MUSICALES
ÑUÑOA,PEDAGOGIA EN EDUCACION MEDIA CON MENCION EN INGLES
ÑUÑOA,PEDAGOGIA EN EDUCACION MEDIA MENCION ARTES MUSICALES
ÑUÑOA,PEDAGOGIA EN ESPAÑOL (BILINGÜE)
ÑUÑOA,PEDAGOGIA EN FISICA Y QUIMICA
ÑUÑOA,PEDAGOGIA EN INGLES
ÑUÑOA,PEDAGOGIA EN MATEMATICAS Y TECNOLOGIA DE LA INFORMACION MENCION MATEMATICAS E INFORMATICA
ÑUÑOA,PLAN ESPECIAL LICENCIATURA EN EDUCACION
ÑUÑOA,PREVENCION DE RIESGOS
ÑUÑOA,PRODUCCION MUSICAL
ÑUÑOA,PROGRAMADOR DE APLICACIONES COMPUTACIONALES
ÑUÑOA,PSICOPEDAGOGIA
ÑUÑOA,PUBLICIDAD
ÑUÑOA,TECNICO CINEMATOGRAFICO
ÑUÑOA,TECNOLOGIA EN SONIDO
ÑUÑOA,TRABAJO SOCIAL
ÑUÑOA,TRADUCCION E INTERPRETE INGLES-ESPAÑOL
ÑUÑOA,TRADUCCION INGLES-ESPAÑOL MENCION COMERCIO INTERNACIONAL
ÑUÑOA,TRADUCCION INGLES-ESPAÑOL MENCION NEGOCIOS INTERNACIONALES
